converted_any_yes,count,mean,std,min,25%,50%,75%,max
0,466.0,2.133047210300429,1.1451168630425712,1.0,1.0,2.0,3.0,7.0
1,2381.0,3.7824443511129777,1.7457398534955237,1.0,2.0,4.0,5.0,12.0
