n_yes_events,users,user_share_pct
0,466,16.368106779065684
1,907,31.858096241657886
2,767,26.940639269406397
3,439,15.419740077274325
4,187,6.5683175272216365
5,53,1.8616087109237796
6,23,0.8078679311556024
7,5,0.1756234632946961
