channel       , touchpoints, conversion_touchpoints, conversion_rate_pct
Direct Traffic,        1721,                    853,  49.56420685647879
Display Ads   ,        1669,                    828,  49.61054523666866
Email         ,        1654,                    830,  50.181378476420804
Referral      ,        1685,                    841,  49.910979228486646
Search Ads    ,        1609,                    772,  47.98011187072716
Social Media  ,        1662,                    820,  49.338146811071
