roc_auc,pr_auc,accuracy,balanced_accuracy,precision,recall,specificity,f1,brier_score,log_loss,model,feature_set,repeat,fold,random_state,n_train,n_test,positive_rate_train,positive_rate_test
0.4928841389808166,0.48684764272255554,0.492,0.49021131556918385,0.48,0.3276036400404449,0.6528189910979229,0.3894230769230769,0.2501445085865855,0.6934362602310337,row_channel,row_channel_presence,0,0,42,8000,2000,0.494375,0.4945
0.4777948131723938,0.4805125691873945,0.484,0.4821663421273974,0.46776611694152925,0.3154701718907988,0.6488625123639961,0.37681159420289856,0.2503380643197279,0.6938238200793071,row_channel,row_channel_presence,0,1,42,8000,2000,0.494375,0.4945
0.4911904340425191,0.48848235460927625,0.497,0.49516791531775345,0.487256371814093,0.32861476238624876,0.6617210682492581,0.392512077294686,0.2502347601517546,0.6936171310294179,row_channel,row_channel_presence,0,2,42,8000,2000,0.494375,0.4945
0.4891061818480036,0.48422247719360706,0.491,0.4891781905610579,0.47832585949177875,0.3235591506572295,0.6547972304648862,0.38600723763570566,0.2501169955609169,0.6933811738151748,row_channel,row_channel_presence,0,3,42,8000,2000,0.494375,0.4945
0.5098454177401546,0.49799825655495694,0.5045,0.5005340769070746,0.49557522123893805,0.1700404858299595,0.8310276679841897,0.2532027128862095,0.2499305162894682,0.6930081801165057,row_channel,row_channel_presence,0,4,42,8000,2000,0.4945,0.494
0.4971406540191363,0.4912752568507579,0.4995,0.49580349222255893,0.4817073170731707,0.1597573306370071,0.8318496538081108,0.23993925588458617,0.25007012447246374,0.6932874884269125,row_channel,row_channel_presence,1,0,42,8000,2000,0.494375,0.4945
0.48945172365856265,0.4895707145397804,0.4935,0.4916949950944064,0.48214285714285715,0.3276036400404449,0.655786350148368,0.3901264298615292,0.25014741377743643,0.6934422554603045,row_channel,row_channel_presence,1,1,42,8000,2000,0.494375,0.4945
0.49240058047023694,0.4907128071152157,0.4925,0.4907058754109247,0.4807121661721068,0.3276036400404449,0.6538081107814046,0.3896572459410704,0.25014391906578676,0.6934353034622099,row_channel,row_channel_presence,1,2,42,8000,2000,0.494375,0.4945
0.4838520460975778,0.4833598609493543,0.4895,0.48767250837351317,0.47604790419161674,0.32153690596562184,0.6538081107814046,0.38382619191309597,0.25025969297230866,0.6936667960264099,row_channel,row_channel_presence,1,3,42,8000,2000,0.494375,0.4945
0.4895024883583236,0.4837275505364195,0.485,0.48316157526683845,0.4697406340057637,0.3299595141700405,0.6363636363636364,0.3876337693222354,0.2502397339923306,0.6936266959924255,row_channel,row_channel_presence,1,4,42,8000,2000,0.4945,0.494
0.48020310457565374,0.48019128267605277,0.4845,0.4825948939821718,0.46788990825688076,0.30940343781597573,0.655786350148368,0.3724893487522824,0.2502974069966603,0.6937420331086047,row_channel,row_channel_presence,2,0,42,8000,2000,0.494375,0.4945
0.5007600919711285,0.49360124062705313,0.498,0.49624504565052374,0.4889867841409692,0.3367037411526795,0.655786350148368,0.39880239520958083,0.24999427656867143,0.6931356834953387,row_channel,row_channel_presence,2,1,42,8000,2000,0.494375,0.4945
0.4795400243429455,0.48224937741394625,0.487,0.4852327131582922,0.4727540500736377,0.32457027300303337,0.645895153313551,0.38489208633093525,0.25066948321409444,0.6944879114941664,row_channel,row_channel_presence,2,2,42,8000,2000,0.494375,0.4945
0.4940542805679487,0.49274509000719485,0.4975,0.4956294711660111,0.48787878787878786,0.32558139534883723,0.6656775469831849,0.3905397210430564,0.25005455854349984,0.6932563562899804,row_channel,row_channel_presence,2,3,42,8000,2000,0.494375,0.4945
0.49695506152886015,0.49209502067391797,0.496,0.4939471283864877,0.4848024316109423,0.3228744939271255,0.6650197628458498,0.38760631834750914,0.25005729527641984,0.6932617738710364,row_channel,row_channel_presence,2,4,42,8000,2000,0.4945,0.494
0.48969175270207693,0.4843902932150317,0.4885,0.486760398008159,0.47514619883040937,0.32861476238624876,0.6449060336300693,0.38852361028093246,0.2502673735654464,0.6936819890726553,row_channel,row_channel_presence,3,0,42,8000,2000,0.494375,0.4945
0.48734046819665183,0.4865987022459203,0.484,0.4821773434585585,0.4678624813153961,0.31648129423660265,0.6478733926805144,0.3775633293124246,0.2502877701897033,0.6937229441515472,row_channel,row_channel_presence,3,1,42,8000,2000,0.494375,0.4945
0.49703864167564277,0.48962705445737054,0.496,0.4923305719992119,0.47147147147147145,0.15874620829120323,0.8259149357072205,0.23751891074130105,0.24999846348133192,0.6931440601742668,row_channel,row_channel_presence,3,2,42,8000,2000,0.494375,0.4945
0.476797692520795,0.47977056459854683,0.48,0.4782208647246317,0.4623338257016248,0.31648129423660265,0.6399604352126608,0.375750300120048,0.25055777649534117,0.6942632198275738,row_channel,row_channel_presence,3,3,42,8000,2000,0.494375,0.4945
0.5131218895520955,0.5025426310789991,0.506,0.5,0.0,0.0,1.0,0.0,0.24985576640126259,0.6928586295737182,row_channel,row_channel_presence,3,4,42,8000,2000,0.4945,0.494
0.4802126057252928,0.4788431300152586,0.4815,0.47966053892521,0.46396396396396394,0.31243680485338726,0.6468842729970327,0.37341389728096674,0.25038754188567225,0.6939224467985289,row_channel,row_channel_presence,4,0,42,8000,2000,0.494375,0.4945
0.4943853206237955,0.48809248481492484,0.4945,0.4926071054597606,0.48323170731707316,0.320525783619818,0.6646884272997032,0.38541033434650457,0.25013628995101306,0.6934197775770125,row_channel,row_channel_presence,4,1,42,8000,2000,0.494375,0.4945
0.49569597921348485,0.49136628601363885,0.502,0.4983753034117129,0.4897360703812317,0.16885743174924167,0.827893175074184,0.2511278195488722,0.2501112052146158,0.6933696416106078,row_channel,row_channel_presence,4,2,42,8000,2000,0.494375,0.4945
0.5056051782265654,0.4966745584114322,0.5055,0.5036414406143144,0.5,0.3346814964610718,0.6726013847675568,0.40096910963052695,0.24993241640107847,0.6930119455544018,row_channel,row_channel_presence,4,3,42,8000,2000,0.494375,0.4945
0.477453753340481,0.4782752800667324,0.488,0.4859459762205758,0.4726443768996961,0.3147773279352227,0.6571146245059288,0.3778857837181045,0.2504564641715509,0.6940605437146633,row_channel,row_channel_presence,4,4,42,8000,2000,0.4945,0.494
0.506936339297055,0.4981154604032235,0.504,0.5004415534279647,0.49575070821529743,0.1769464105156724,0.8239366963402571,0.2608047690014903,0.24990312262443484,0.6929533633910429,row_channel,row_channel_presence,5,0,42,8000,2000,0.494375,0.4945
0.4863733511754923,0.48759356970219686,0.485,0.4849266761278115,0.47922998986828774,0.4782608695652174,0.49159248269040556,0.47874493927125505,0.250303260142891,0.6937541607194602,row_channel,row_channel_presence,5,1,42,8000,2000,0.494375,0.4945
0.49582149440082246,0.49378253513957515,0.499,0.49730017332097187,0.4905933429811867,0.34277047522750254,0.6518298714144412,0.4035714285714286,0.2501707099818949,0.6934890492905821,row_channel,row_channel_presence,5,2,42,8000,2000,0.494375,0.4945
0.5151578340979259,0.5030188933498847,0.508,0.5042220108633144,0.5079872204472844,0.16076845298281092,0.847675568743818,0.24423963133640553,0.2498741106806226,0.6928953547401085,row_channel,row_channel_presence,5,3,42,8000,2000,0.494375,0.4945
0.49745463346721924,0.4918566297671957,0.4965,0.49456121681522136,0.4859675036927622,0.33299595141700405,0.6561264822134387,0.3951951951951952,0.25005543845378203,0.6932580277086665,row_channel,row_channel_presence,5,4,42,8000,2000,0.4945,0.494
0.49700213725860826,0.4913031896060616,0.4965,0.49468435680717365,0.48656716417910445,0.32962588473205257,0.6597428288822947,0.39300783604581074,0.25003190454519625,0.6932109592643398,row_channel,row_channel_presence,6,0,42,8000,2000,0.494375,0.4945
0.4909899097790833,0.4883439563745397,0.5055,0.5,0.0,0.0,1.0,0.0,0.2500373232985957,0.6932219087405105,row_channel,row_channel_presence,6,1,42,8000,2000,0.494375,0.4945
0.4938237526740735,0.4877983041475131,0.4955,0.4917810055016657,0.4691358024691358,0.15369059656218403,0.8298714144411474,0.23153084539223154,0.25019496961591614,0.6935372161878136,row_channel,row_channel_presence,6,2,42,8000,2000,0.494375,0.4945
0.48822257493156673,0.48268173683610793,0.4895,0.48593429805006405,0.45454545454545453,0.16177957532861476,0.8100890207715133,0.23862788963460105,0.2500905638272648,0.6933282549705211,row_channel,row_channel_presence,6,3,42,8000,2000,0.494375,0.4945
0.4947607455473588,0.49085198153674864,0.4975,0.49557336256420925,0.48748159057437407,0.3350202429149798,0.6561264822134387,0.397120575884823,0.2501244481345426,0.6933961597211424,row_channel,row_channel_presence,6,4,42,8000,2000,0.4945,0.494
0.49776222922973684,0.49317455457285364,0.504,0.5002215268047434,0.4952076677316294,0.15672396359959556,0.8437190900098912,0.23809523809523808,0.2500144802768491,0.6931762114026703,row_channel,row_channel_presence,7,0,42,8000,2000,0.494375,0.4945
0.4791234739403468,0.4805909269050644,0.4795,0.4778693221879847,0.4630681818181818,0.32962588473205257,0.6261127596439169,0.38511518015357354,0.2504750351265519,0.6940977552116099,row_channel,row_channel_presence,7,1,42,8000,2000,0.494375,0.4945
0.4830969547315225,0.4838420784129317,0.4835,0.48368502588813245,0.4787234042553192,0.5005055611729019,0.466864490603363,0.4893722194760257,0.25037848981556987,0.6939044423284129,row_channel,row_channel_presence,7,2,42,8000,2000,0.494375,0.4945
0.48447112100564166,0.48478974326392615,0.498,0.4943198126973364,0.4773413897280967,0.1597573306370071,0.8288822947576657,0.23939393939393938,0.25023313630979915,0.6936138651264367,row_channel,row_channel_presence,7,3,42,8000,2000,0.494375,0.4945
0.46121041429965914,0.47378018525010535,0.499,0.4950392856571346,0.47941176470588237,0.16497975708502025,0.825098814229249,0.24548192771084337,0.2504180686474737,0.6939834569692127,row_channel,row_channel_presence,7,4,42,8000,2000,0.4945,0.494
0.5002375287409777,0.49459530620641773,0.5015,0.4977817315895223,0.4876543209876543,0.1597573306370071,0.8358061325420376,0.24067022086824066,0.2499954243664005,0.693138028428871,row_channel,row_channel_presence,8,0,42,8000,2000,0.494375,0.4945
0.4996329555876261,0.49524731942384137,0.5065,0.5028263419873805,0.5030120481927711,0.16885743174924167,0.8367952522255193,0.2528387585162756,0.2500359917344953,0.6932192854071207,row_channel,row_channel_presence,8,1,42,8000,2000,0.494375,0.4945
0.48600530664210373,0.483057159766614,0.4925,0.4906618700862804,0.4804804804804805,0.3235591506572295,0.6577645895153313,0.3867069486404834,0.250250977300309,0.6936496028055187,row_channel,row_channel_presence,8,2,42,8000,2000,0.494375,0.4945
0.4813942487040932,0.48136284377560223,0.4875,0.4875864979662539,0.4822834645669291,0.4954499494438827,0.4797230464886251,0.48877805486284287,0.2504155220581259,0.693978764772262,row_channel,row_channel_presence,8,3,42,8000,2000,0.494375,0.4945
0.5113811388839993,0.49937498342022657,0.5045,0.5003900561680882,0.49523809523809526,0.15789473684210525,0.8428853754940712,0.23944742900997698,0.24987632998937284,0.6928997792242128,row_channel,row_channel_presence,8,4,42,8000,2000,0.4945,0.494
0.48208683250673334,0.4822490039543186,0.4805,0.4785504045989565,0.4613003095975232,0.301314459049545,0.655786350148368,0.36452599388379203,0.2503754044822983,0.6938981174505591,row_channel,row_channel_presence,9,0,42,8000,2000,0.494375,0.4945
0.49330168950443004,0.49464697893207865,0.508,0.5042330121944756,0.5079365079365079,0.16177957532861476,0.8466864490603363,0.24539877300613497,0.2501543673089033,0.693456117008457,row_channel,row_channel_presence,9,1,42,8000,2000,0.494375,0.4945
0.4950764042449136,0.4897476142601673,0.497,0.49338569966966,0.4752186588921283,0.16481294236602628,0.8219584569732937,0.24474474474474475,0.2501401126930356,0.6934274871929653,row_channel,row_channel_presence,9,2,42,8000,2000,0.494375,0.4945
0.49753370157789095,0.4919112772483112,0.501,0.49734217840358685,0.48656716417910445,0.16481294236602628,0.8298714144411474,0.24622356495468278,0.2500482934362356,0.6932439039679215,row_channel,row_channel_presence,9,3,42,8000,2000,0.494375,0.4945
0.48290653854154997,0.481776674218745,0.493,0.4890504232609496,0.4619883040935672,0.15991902834008098,0.8181818181818182,0.23759398496240602,0.2503957278427893,0.6939393462699343,row_channel,row_channel_presence,9,4,42,8000,2000,0.4945,0.494
0.7221884087374045,0.9232961801242952,0.8368421052631579,0.5,0.8368421052631579,1.0,0.0,0.9111747851002865,0.12356603605161323,0.40176120997001075,user_any_channel,channel_presence_only,0,0,42,2277,570,0.8361879666227492,0.8368421052631579
0.7794676381190775,0.9388509099130573,0.8350877192982457,0.5,0.8350877192982457,1.0,0.0,0.9101338432122371,0.11675200442767576,0.3750742376229841,user_any_channel,channel_presence_only,0,1,42,2277,570,0.836627140974967,0.8350877192982457
0.7511520737327189,0.936824826467984,0.836555360281195,0.5,0.836555360281195,1.0,0.0,0.9110047846889953,0.12041290337550517,0.3856621513005489,user_any_channel,channel_presence_only,0,2,42,2278,569,0.8362598770851625,0.836555360281195
0.794388723231228,0.9451153812944095,0.836555360281195,0.5,0.836555360281195,1.0,0.0,0.9110047846889953,0.11281571632110574,0.3637896893762901,user_any_channel,channel_presence_only,0,3,42,2278,569,0.8362598770851625,0.836555360281195
0.7664339929520194,0.9454463948250429,0.836555360281195,0.5,0.836555360281195,1.0,0.0,0.9110047846889953,0.12045326144281071,0.379033425618021,user_any_channel,channel_presence_only,0,4,42,2278,569,0.8362598770851625,0.836555360281195
0.7481120804310093,0.93241488532368,0.8368421052631579,0.5,0.8368421052631579,1.0,0.0,0.9111747851002865,0.12061154844263586,0.38783963900572316,user_any_channel,channel_presence_only,1,0,42,2277,570,0.8361879666227492,0.8368421052631579
0.7626385660647238,0.9386950935990092,0.8350877192982457,0.5,0.8350877192982457,1.0,0.0,0.9101338432122371,0.11967183897402649,0.3814948397673112,user_any_channel,channel_presence_only,1,1,42,2277,570,0.836627140974967,0.8350877192982457
0.7615094424866721,0.934467037417329,0.836555360281195,0.5,0.836555360281195,1.0,0.0,0.9110047846889953,0.11670492647311698,0.37907868553205465,user_any_channel,channel_presence_only,1,2,42,2278,569,0.8362598770851625,0.836555360281195
0.8034133008041926,0.9531740467305694,0.836555360281195,0.5,0.836555360281195,1.0,0.0,0.9110047846889953,0.11340727437995918,0.3596329180074302,user_any_channel,channel_presence_only,1,3,42,2278,569,0.8362598770851625,0.836555360281195
0.7358023854703171,0.9306541915311154,0.836555360281195,0.5,0.836555360281195,1.0,0.0,0.9110047846889953,0.1226112980730782,0.3939078365628608,user_any_channel,channel_presence_only,1,4,42,2278,569,0.8362598770851625,0.836555360281195
0.7661346678388674,0.9360359910111317,0.8368421052631579,0.5,0.8368421052631579,1.0,0.0,0.9111747851002865,0.117053769994979,0.3805826473234842,user_any_channel,channel_presence_only,2,0,42,2277,570,0.8361879666227492,0.8368421052631579
0.7517655998569641,0.9334188371355454,0.8350877192982457,0.5,0.8350877192982457,1.0,0.0,0.9101338432122371,0.12221921954833993,0.391090513940551,user_any_channel,channel_presence_only,2,1,42,2277,570,0.836627140974967,0.8350877192982457
0.7680039757838619,0.9432950917298557,0.836555360281195,0.5,0.836555360281195,1.0,0.0,0.9110047846889953,0.11925835835846106,0.3771586230652665,user_any_channel,channel_presence_only,2,2,42,2278,569,0.8362598770851625,0.836555360281195
0.8195649227432906,0.9535793403164589,0.836555360281195,0.5,0.836555360281195,1.0,0.0,0.9110047846889953,0.10937377125331753,0.3531446748159854,user_any_channel,channel_presence_only,2,3,42,2278,569,0.8362598770851625,0.836555360281195
0.7252078250655101,0.9286780681120235,0.836555360281195,0.5,0.836555360281195,1.0,0.0,0.9110047846889953,0.12491305300098549,0.399930548480537,user_any_channel,channel_presence_only,2,4,42,2278,569,0.8362598770851625,0.836555360281195
0.7304727125177521,0.9302412008655174,0.8368421052631579,0.5,0.8368421052631579,1.0,0.0,0.9111747851002865,0.12256822117868396,0.3952734425192489,user_any_channel,channel_presence_only,3,0,42,2277,570,0.8361879666227492,0.8368421052631579
0.7581351689612015,0.9354671384410597,0.8350877192982457,0.5,0.8350877192982457,1.0,0.0,0.9101338432122371,0.1195442541577498,0.384164870356509,user_any_channel,channel_presence_only,3,1,42,2277,570,0.836627140974967,0.8350877192982457
0.7862677328996115,0.9457665506300024,0.836555360281195,0.5,0.836555360281195,1.0,0.0,0.9110047846889953,0.1165787219659439,0.3727202103629253,user_any_channel,channel_presence_only,3,2,42,2278,569,0.8362598770851625,0.836555360281195
0.756246046805819,0.9378275721467363,0.836555360281195,0.5,0.836555360281195,1.0,0.0,0.9110047846889953,0.12068024870643568,0.38436426608726926,user_any_channel,channel_presence_only,3,3,42,2278,569,0.8362598770851625,0.836555360281195
0.794546850998464,0.9467201864168862,0.836555360281195,0.5,0.836555360281195,1.0,0.0,0.9110047846889953,0.11382474708325442,0.3665545732471259,user_any_channel,channel_presence_only,3,4,42,2278,569,0.8362598770851625,0.836555360281195
0.739230405085548,0.931046060748035,0.8368421052631579,0.5,0.8368421052631579,1.0,0.0,0.9111747851002865,0.12157261930604801,0.39144459309965096,user_any_channel,channel_presence_only,4,0,42,2277,570,0.8361879666227492,0.8368421052631579
0.7865412122295727,0.9439578082798946,0.8350877192982457,0.5,0.8350877192982457,1.0,0.0,0.9101338432122371,0.1158847122456648,0.3711955414932591,user_any_channel,channel_presence_only,4,1,42,2277,570,0.836627140974967,0.8350877192982457
0.7708841601156592,0.9372340352018129,0.836555360281195,0.5,0.836555360281195,1.0,0.0,0.9110047846889953,0.11690131800651485,0.3776802700242628,user_any_channel,channel_presence_only,4,2,42,2278,569,0.8362598770851625,0.836555360281195
0.7728494623655913,0.9420854320563239,0.836555360281195,0.5,0.836555360281195,1.0,0.0,0.9110047846889953,0.11611716038081255,0.37260263802764443,user_any_channel,channel_presence_only,4,3,42,2278,569,0.8362598770851625,0.836555360281195
0.7516716363964941,0.9372392651789639,0.836555360281195,0.5,0.836555360281195,1.0,0.0,0.9110047846889953,0.12196926828257346,0.38787047439964817,user_any_channel,channel_presence_only,4,4,42,2278,569,0.8362598770851625,0.836555360281195
0.7435359888190076,0.9328141497345633,0.8368421052631579,0.5,0.8368421052631579,1.0,0.0,0.9111747851002865,0.12143812943353416,0.39075970839228585,user_any_channel,channel_presence_only,5,0,42,2277,570,0.8361879666227492,0.8368421052631579
0.7649740747362774,0.9373242301414292,0.8350877192982457,0.5,0.8350877192982457,1.0,0.0,0.9101338432122371,0.11818868696081657,0.3810645691240789,user_any_channel,channel_presence_only,5,1,42,2277,570,0.836627140974967,0.8350877192982457
0.7815013102014999,0.9411674994517246,0.836555360281195,0.5,0.836555360281195,1.0,0.0,0.9110047846889953,0.11466633850244137,0.37056344562628085,user_any_channel,channel_presence_only,5,2,42,2278,569,0.8362598770851625,0.836555360281195
0.7753456221198157,0.9463129336917325,0.836555360281195,0.5,0.836555360281195,1.0,0.0,0.9110047846889953,0.12027001531567842,0.3772883185918758,user_any_channel,channel_presence_only,5,3,42,2278,569,0.8362598770851625,0.836555360281195
0.747108520827686,0.9343282821513604,0.836555360281195,0.5,0.836555360281195,1.0,0.0,0.9110047846889953,0.11932566244428819,0.38539647435020136,user_any_channel,channel_presence_only,5,4,42,2278,569,0.8362598770851625,0.836555360281195
0.7689637294019522,0.9434004776677675,0.8368421052631579,0.5,0.8368421052631579,1.0,0.0,0.9111747851002865,0.11828970196427223,0.3775469351922665,user_any_channel,channel_presence_only,6,0,42,2277,570,0.8361879666227492,0.8368421052631579
0.7329250849275881,0.9268461626924497,0.8350877192982457,0.5,0.8350877192982457,1.0,0.0,0.9101338432122371,0.1237028295473217,0.3991456667509489,user_any_channel,channel_presence_only,6,1,42,2277,570,0.836627140974967,0.8350877192982457
0.7500677690431011,0.9326609711061518,0.836555360281195,0.5,0.836555360281195,1.0,0.0,0.9110047846889953,0.1211043570690893,0.38819033675825765,user_any_channel,channel_presence_only,6,2,42,2278,569,0.8362598770851625,0.836555360281195
0.8021482786663052,0.9519753212512335,0.836555360281195,0.5,0.836555360281195,1.0,0.0,0.9110047846889953,0.11256843994416973,0.35812123840154214,user_any_channel,channel_presence_only,6,3,42,2278,569,0.8362598770851625,0.836555360281195
0.7579628625643806,0.9355389182549083,0.836555360281195,0.5,0.836555360281195,1.0,0.0,0.9110047846889953,0.11829501981597206,0.3825374052810253,user_any_channel,channel_presence_only,6,4,42,2278,569,0.8362598770851625,0.836555360281195
0.7604314600662743,0.9406935889832836,0.8368421052631579,0.5,0.8368421052631579,1.0,0.0,0.9111747851002865,0.12024930834598073,0.3818813556407939,user_any_channel,channel_presence_only,7,0,42,2277,570,0.8361879666227492,0.8368421052631579
0.7669966922939389,0.9424869904828694,0.8350877192982457,0.5,0.8350877192982457,1.0,0.0,0.9101338432122371,0.12056664863560333,0.3804716146903224,user_any_channel,channel_presence_only,7,1,42,2277,570,0.836627140974967,0.8350877192982457
0.7622436071202675,0.9354595927657336,0.836555360281195,0.5,0.836555360281195,1.0,0.0,0.9110047846889953,0.1172272398656099,0.3800355937330406,user_any_channel,channel_presence_only,7,2,42,2278,569,0.8362598770851625,0.836555360281195
0.7855448631065329,0.9418303213437996,0.836555360281195,0.5,0.836555360281195,1.0,0.0,0.9110047846889953,0.11295648883629997,0.36660257030587456,user_any_channel,channel_presence_only,7,3,42,2278,569,0.8362598770851625,0.836555360281195
0.731691063522183,0.9259761163259919,0.836555360281195,0.5432592391795428,0.848816029143898,0.9789915966386554,0.10752688172043011,0.9092682926829269,0.12222492432868928,0.39581583515745256,user_any_channel,channel_presence_only,7,4,42,2278,569,0.8362598770851625,0.836555360281195
0.7131038524830369,0.9233373644860711,0.8368421052631579,0.5,0.8368421052631579,1.0,0.0,0.9111747851002865,0.12661565315757303,0.40646868279717946,user_any_channel,channel_presence_only,8,0,42,2277,570,0.8361879666227492,0.8368421052631579
0.7977829429644199,0.9454177813567306,0.8350877192982457,0.5,0.8350877192982457,1.0,0.0,0.9101338432122371,0.11356531017706323,0.36527376820214186,user_any_channel,channel_presence_only,8,1,42,2277,570,0.836627140974967,0.8350877192982457
0.8062483057739225,0.9544016790935368,0.836555360281195,0.5,0.836555360281195,1.0,0.0,0.9110047846889953,0.11219970858759216,0.3576096057499935,user_any_channel,channel_presence_only,8,2,42,2278,569,0.8362598770851625,0.836555360281195
0.7410770759916872,0.9332402910207259,0.836555360281195,0.5,0.836555360281195,1.0,0.0,0.9110047846889953,0.1211159529327977,0.3899004829518727,user_any_channel,channel_presence_only,8,3,42,2278,569,0.8362598770851625,0.836555360281195
0.7471537001897534,0.9340972536669138,0.836555360281195,0.5,0.836555360281195,1.0,0.0,0.9110047846889953,0.12190396536138746,0.38946816002087703,user_any_channel,channel_presence_only,8,4,42,2278,569,0.8362598770851625,0.836555360281195
0.7329072834246296,0.927267354126631,0.8368421052631579,0.5,0.8368421052631579,1.0,0.0,0.9111747851002865,0.12224511137503362,0.39554740470638766,user_any_channel,channel_presence_only,9,0,42,2277,570,0.8361879666227492,0.8368421052631579
0.7573194171285536,0.9382097442598479,0.8350877192982457,0.5,0.8350877192982457,1.0,0.0,0.9101338432122371,0.11946629070987758,0.3830296901019692,user_any_channel,channel_presence_only,9,1,42,2277,570,0.836627140974967,0.8350877192982457
0.7990760820457216,0.950849320693276,0.836555360281195,0.5,0.836555360281195,1.0,0.0,0.9110047846889953,0.1134087107252567,0.36191477314614345,user_any_channel,channel_presence_only,9,2,42,2278,569,0.8362598770851625,0.836555360281195
0.7778756663955904,0.941655412751718,0.836555360281195,0.5,0.836555360281195,1.0,0.0,0.9110047846889953,0.11848812366118867,0.37710914775582427,user_any_channel,channel_presence_only,9,3,42,2278,569,0.8362598770851625,0.836555360281195
0.752744646245595,0.9333965677431382,0.836555360281195,0.5,0.836555360281195,1.0,0.0,0.9110047846889953,0.11918572546481986,0.38550219257975415,user_any_channel,channel_presence_only,9,4,42,2278,569,0.8362598770851625,0.836555360281195
0.7484389441175808,0.9240854076894115,0.8368421052631579,0.5,0.8368421052631579,1.0,0.0,0.9111747851002865,0.12073145449539804,0.3898009151493985,journey_length_only,journey_length_only,0,0,42,2277,570,0.8361879666227492,0.8368421052631579
0.7989115859109601,0.9398343261884603,0.8350877192982457,0.5,0.8350877192982457,1.0,0.0,0.9101338432122371,0.11322705152594095,0.3616429626167777,journey_length_only,journey_length_only,0,1,42,2277,570,0.836627140974967,0.8350877192982457
0.7817949760549381,0.935446037601811,0.836555360281195,0.5,0.836555360281195,1.0,0.0,0.9110047846889953,0.11563275803835212,0.36912523084704374,journey_length_only,journey_length_only,0,2,42,2278,569,0.8362598770851625,0.836555360281195
0.8129800307219662,0.9418257927252343,0.836555360281195,0.5,0.836555360281195,1.0,0.0,0.9110047846889953,0.11013369121374326,0.3545656215933569,journey_length_only,journey_length_only,0,3,42,2278,569,0.8362598770851625,0.836555360281195
0.7736062166802204,0.9358132051321191,0.836555360281195,0.5,0.836555360281195,1.0,0.0,0.9110047846889953,0.11893076400582527,0.3734972318799115,journey_length_only,journey_length_only,0,4,42,2278,569,0.8362598770851625,0.836555360281195
0.7887333468587272,0.939700810274955,0.8368421052631579,0.5,0.8368421052631579,1.0,0.0,0.9111747851002865,0.11621814606038293,0.36573286113200315,journey_length_only,journey_length_only,1,0,42,2277,570,0.8361879666227492,0.8368421052631579
0.7691645807259073,0.9321294395754877,0.8350877192982457,0.5,0.8350877192982457,1.0,0.0,0.9101338432122371,0.11932639424017132,0.37894041858831706,journey_length_only,journey_length_only,1,1,42,2277,570,0.836627140974967,0.8350877192982457
0.7852286075720611,0.9339391134170604,0.836555360281195,0.5,0.836555360281195,1.0,0.0,0.9110047846889953,0.11322836964056227,0.3672990857494702,journey_length_only,journey_length_only,1,2,42,2278,569,0.8362598770851625,0.836555360281195
0.8143918857865727,0.9446775221362559,0.836555360281195,0.5,0.836555360281195,1.0,0.0,0.9110047846889953,0.11000761303863227,0.3513260352455774,journey_length_only,journey_length_only,1,3,42,2278,569,0.8362598770851625,0.836555360281195
0.7588890394867625,0.9263949573093095,0.836555360281195,0.5,0.836555360281195,1.0,0.0,0.9110047846889953,0.11959247643826398,0.384708848726661,journey_length_only,journey_length_only,1,4,42,2278,569,0.8362598770851625,0.836555360281195
0.7892180068077816,0.9381598861919452,0.8368421052631579,0.5,0.8368421052631579,1.0,0.0,0.9111747851002865,0.11346998684765544,0.36376287390651246,journey_length_only,journey_length_only,2,0,42,2277,570,0.8361879666227492,0.8368421052631579
0.7684047023064544,0.9317262715923506,0.8350877192982457,0.5,0.8350877192982457,1.0,0.0,0.9101338432122371,0.12058550497166609,0.3810759761496069,journey_length_only,journey_length_only,2,1,42,2277,570,0.836627140974967,0.8350877192982457
0.7650560224089635,0.9320891845679583,0.836555360281195,0.5,0.836555360281195,1.0,0.0,0.9110047846889953,0.1202576952940081,0.3794528489126832,journey_length_only,journey_length_only,2,2,42,2278,569,0.8362598770851625,0.836555360281195
0.8295608566007048,0.9475819200381732,0.836555360281195,0.5,0.836555360281195,1.0,0.0,0.9110047846889953,0.10679480425760764,0.34437475649078203,journey_length_only,journey_length_only,2,3,42,2278,569,0.8362598770851625,0.836555360281195
0.7671003885425138,0.928262519190972,0.836555360281195,0.5,0.836555360281195,1.0,0.0,0.9110047846889953,0.11796515411628472,0.38105566452051504,journey_length_only,journey_length_only,2,4,42,2278,569,0.8362598770851625,0.836555360281195
0.7489348752282411,0.9274202318771151,0.8368421052631579,0.5,0.8368421052631579,1.0,0.0,0.9111747851002865,0.12286763124274397,0.38876531839957007,journey_length_only,journey_length_only,3,0,42,2277,570,0.8361879666227492,0.8368421052631579
0.7739026461648489,0.9287262638685143,0.8350877192982457,0.5,0.8350877192982457,1.0,0.0,0.9101338432122371,0.11659083342430902,0.3784089793884055,journey_length_only,journey_length_only,3,1,42,2277,570,0.836627140974967,0.8350877192982457
0.811918315713382,0.945899429000738,0.836555360281195,0.5,0.836555360281195,1.0,0.0,0.9110047846889953,0.11236280850020075,0.35427836052005973,journey_length_only,journey_length_only,3,2,42,2278,569,0.8362598770851625,0.836555360281195
0.7708276859130749,0.9324117225121212,0.836555360281195,0.5,0.836555360281195,1.0,0.0,0.9110047846889953,0.11847050777530184,0.37834262831062476,journey_length_only,journey_length_only,3,3,42,2278,569,0.8362598770851625,0.836555360281195
0.8150356916960333,0.9437300328808985,0.836555360281195,0.5,0.836555360281195,1.0,0.0,0.9110047846889953,0.1086733009047912,0.35067686808059684,journey_length_only,journey_length_only,3,4,42,2278,569,0.8362598770851625,0.836555360281195
0.7731227880345348,0.9338200927394975,0.8368421052631579,0.5,0.8368421052631579,1.0,0.0,0.9111747851002865,0.1174271544904037,0.37368671601009573,journey_length_only,journey_length_only,4,0,42,2277,570,0.8361879666227492,0.8368421052631579
0.7960508671553728,0.9385026344035963,0.8350877192982457,0.5,0.8350877192982457,1.0,0.0,0.9101338432122371,0.11396627754028199,0.3635703246325906,journey_length_only,journey_length_only,4,1,42,2277,570,0.836627140974967,0.8350877192982457
0.7975399837354298,0.9378294596408646,0.836555360281195,0.5,0.836555360281195,1.0,0.0,0.9110047846889953,0.11272538208133134,0.36247951776798903,journey_length_only,journey_length_only,4,2,42,2278,569,0.8362598770851625,0.836555360281195
0.7882669196710942,0.9356634292477016,0.836555360281195,0.5,0.836555360281195,1.0,0.0,0.9110047846889953,0.11403387540908996,0.3664469062192599,journey_length_only,journey_length_only,4,3,42,2278,569,0.8362598770851625,0.836555360281195
0.7616788650944248,0.9304856215611381,0.836555360281195,0.5,0.836555360281195,1.0,0.0,0.9110047846889953,0.12023393075577467,0.38125656175052636,journey_length_only,journey_length_only,4,4,42,2278,569,0.8362598770851625,0.836555360281195
0.7531164761840354,0.9261829095255414,0.8368421052631579,0.5,0.8368421052631579,1.0,0.0,0.9111747851002865,0.1217950281790426,0.3897051285637453,journey_length_only,journey_length_only,5,0,42,2277,570,0.8361879666227492,0.8368421052631579
0.7938159306275702,0.9373277485036534,0.8350877192982457,0.5,0.8350877192982457,1.0,0.0,0.9101338432122371,0.1132573828447599,0.3643048022834535,journey_length_only,journey_length_only,5,1,42,2277,570,0.836627140974967,0.8350877192982457
0.7964556790458117,0.9368471550941428,0.836555360281195,0.5,0.836555360281195,1.0,0.0,0.9110047846889953,0.11186891743504256,0.36218314157321596,journey_length_only,journey_length_only,5,2,42,2278,569,0.8362598770851625,0.836555360281195
0.7993810427396766,0.9433122608329105,0.836555360281195,0.5,0.836555360281195,1.0,0.0,0.9110047846889953,0.11567162013698139,0.36133519406348064,journey_length_only,journey_length_only,5,3,42,2278,569,0.8362598770851625,0.836555360281195
0.7774238727749164,0.9340993158649085,0.836555360281195,0.5,0.836555360281195,1.0,0.0,0.9110047846889953,0.11629863708740547,0.3713574546365058,journey_length_only,journey_length_only,5,4,42,2278,569,0.8362598770851625,0.836555360281195
0.7722661797524853,0.9329558250902172,0.8368421052631579,0.5,0.8368421052631579,1.0,0.0,0.9111747851002865,0.11692137553276943,0.37408623468410557,journey_length_only,journey_length_only,6,0,42,2277,570,0.8361879666227492,0.8368421052631579
0.7669184695154657,0.9246316277466724,0.8350877192982457,0.5,0.8350877192982457,1.0,0.0,0.9101338432122371,0.11783799474511064,0.3850673822210377,journey_length_only,journey_length_only,6,1,42,2277,570,0.836627140974967,0.8350877192982457
0.7834892021324659,0.9366163192637301,0.836555360281195,0.5,0.836555360281195,1.0,0.0,0.9110047846889953,0.11599766028584368,0.36893917678910493,journey_length_only,journey_length_only,6,2,42,2278,569,0.8362598770851625,0.836555360281195
0.8184015541700551,0.9480615036826976,0.836555360281195,0.5,0.836555360281195,1.0,0.0,0.9110047846889953,0.11114139401176423,0.34920664733120216,journey_length_only,journey_length_only,6,3,42,2278,569,0.8362598770851625,0.836555360281195
0.7776045902231861,0.9346480888880631,0.836555360281195,0.5,0.836555360281195,1.0,0.0,0.9110047846889953,0.11647250420856545,0.37120707226519495,journey_length_only,journey_length_only,6,4,42,2278,569,0.8362598770851625,0.836555360281195
0.7843826784788441,0.9379950696078414,0.8368421052631579,0.5,0.8368421052631579,1.0,0.0,0.9111747851002865,0.11691280850360794,0.3677644190645056,journey_length_only,journey_length_only,7,0,42,2277,570,0.8361879666227492,0.8368421052631579
0.7952909887359199,0.9393985373697706,0.8350877192982457,0.5,0.8350877192982457,1.0,0.0,0.9101338432122371,0.11542979863546804,0.3641074377602764,journey_length_only,journey_length_only,7,1,42,2277,570,0.836627140974967,0.8350877192982457
0.7671794524261317,0.9280405015758731,0.836555360281195,0.5,0.836555360281195,1.0,0.0,0.9110047846889953,0.11656557417617963,0.38011205236492346,journey_length_only,journey_length_only,7,2,42,2278,569,0.8362598770851625,0.836555360281195
0.8072648414204391,0.9415745386583902,0.836555360281195,0.5,0.836555360281195,1.0,0.0,0.9110047846889953,0.1092059447483933,0.35387260692270467,journey_length_only,journey_length_only,7,3,42,2278,569,0.8362598770851625,0.836555360281195
0.762503388452155,0.9296774582293961,0.836555360281195,0.5,0.836555360281195,1.0,0.0,0.9110047846889953,0.12054784559771957,0.38339692904077205,journey_length_only,journey_length_only,7,4,42,2278,569,0.8362598770851625,0.836555360281195
0.7266743310565587,0.9207513847966847,0.8368421052631579,0.5,0.8368421052631579,1.0,0.0,0.9111747851002865,0.12652409720541383,0.40168570744488685,journey_length_only,journey_length_only,8,0,42,2277,570,0.8361879666227492,0.8368421052631579
0.8213503486500983,0.9455922302616868,0.8350877192982457,0.5,0.8350877192982457,1.0,0.0,0.9101338432122371,0.10864599542874387,0.34873824598997616,journey_length_only,journey_length_only,8,1,42,2277,570,0.836627140974967,0.8350877192982457
0.8221401463811331,0.9458140562969382,0.836555360281195,0.5,0.836555360281195,1.0,0.0,0.9110047846889953,0.10895841234552918,0.348344773697837,journey_length_only,journey_length_only,8,2,42,2278,569,0.8362598770851625,0.836555360281195
0.7672133369476822,0.9307388102512557,0.836555360281195,0.5,0.836555360281195,1.0,0.0,0.9110047846889953,0.1188241906140965,0.3799933688920416,journey_length_only,journey_length_only,8,3,42,2278,569,0.8362598770851625,0.836555360281195
0.7774916418180176,0.9332318838616012,0.836555360281195,0.5,0.836555360281195,1.0,0.0,0.9110047846889953,0.11659191421113636,0.3729374551823203,journey_length_only,journey_length_only,8,4,42,2278,569,0.8362598770851625,0.836555360281195
0.7662924641013503,0.9323530312199992,0.8368421052631579,0.5,0.8368421052631579,1.0,0.0,0.9111747851002865,0.11890340463604926,0.37643483961927265,journey_length_only,journey_length_only,9,0,42,2277,570,0.8361879666227492,0.8368421052631579
0.7643706418737708,0.9303891289987748,0.8350877192982457,0.5,0.8350877192982457,1.0,0.0,0.9101338432122371,0.11858345344287621,0.37929227811781474,journey_length_only,journey_length_only,9,1,42,2277,570,0.836627140974967,0.8350877192982457
0.8217335321225264,0.9443008475348902,0.836555360281195,0.5,0.836555360281195,1.0,0.0,0.9110047846889953,0.10877684488922557,0.34993322566093754,journey_length_only,journey_length_only,9,2,42,2278,569,0.8362598770851625,0.836555360281195
0.7808123249299719,0.9343800327063585,0.836555360281195,0.5,0.836555360281195,1.0,0.0,0.9110047846889953,0.11597843048966743,0.3710894374535325,journey_length_only,journey_length_only,9,3,42,2278,569,0.8362598770851625,0.836555360281195
0.7812189391885787,0.9345774146937491,0.836555360281195,0.5,0.836555360281195,1.0,0.0,0.9110047846889953,0.11606646714997793,0.37096092607726416,journey_length_only,journey_length_only,9,4,42,2278,569,0.8362598770851625,0.836555360281195
0.7481008092694035,0.9334576036381459,0.8403508771929824,0.5323933184554,0.8458781362007168,0.989517819706499,0.07526881720430108,0.9120772946859903,0.12081774090330451,0.3909892295174748,channel_plus_length,channel_presence_plus_length,0,0,42,2277,570,0.8361879666227492,0.8368421052631579
0.7958050241373145,0.9482906100576722,0.8315789473684211,0.5235115322724835,0.841726618705036,0.9831932773109243,0.06382978723404255,0.9069767441860465,0.11471784437401496,0.36571031021435063,channel_plus_length,channel_presence_plus_length,0,1,42,2277,570,0.836627140974967,0.8350877192982457
0.7857481702358363,0.9473544535759997,0.836555360281195,0.5,0.836555360281195,1.0,0.0,0.9110047846889953,0.11539743674194862,0.36917728380838116,channel_plus_length,channel_presence_plus_length,0,2,42,2278,569,0.8362598770851625,0.836555360281195
0.818254721243336,0.9516325746110154,0.836555360281195,0.5,0.836555360281195,1.0,0.0,0.9110047846889953,0.10946374403578586,0.35229199595581895,channel_plus_length,channel_presence_plus_length,0,3,42,2278,569,0.8362598770851625,0.836555360281195
0.7813770669558147,0.9503268370677757,0.8383128295254832,0.5486355832655643,0.8503649635036497,0.9789915966386554,0.11827956989247312,0.91015625,0.11836511873114287,0.37065054756689586,channel_plus_length,channel_presence_plus_length,0,4,42,2278,569,0.8362598770851625,0.836555360281195
0.7881134329704019,0.9499370173588835,0.8368421052631579,0.5302968823966998,0.8453237410071942,0.9853249475890985,0.07526881720430108,0.9099709583736689,0.11645381562093592,0.36801133474188846,channel_plus_length,channel_presence_plus_length,1,0,42,2277,570,0.8361879666227492,0.8368421052631579
0.769712140175219,0.9431041925423769,0.8263157894736842,0.5160915430001788,0.8396396396396396,0.9789915966386554,0.05319148936170213,0.903976721629486,0.11936149524083099,0.3805371717898102,channel_plus_length,channel_presence_plus_length,1,1,42,2277,570,0.836627140974967,0.8350877192982457
0.7863467967832294,0.9434999162008344,0.8347978910369068,0.5119273515857956,0.8398576512455516,0.9915966386554622,0.03225806451612903,0.9094412331406551,0.113579083628346,0.3683654646401139,channel_plus_length,channel_presence_plus_length,1,2,42,2278,569,0.8362598770851625,0.836555360281195
0.822445107075088,0.9573519887080102,0.8347978910369068,0.5249051233396584,0.8435251798561151,0.9852941176470589,0.06451612903225806,0.9089147286821705,0.10926366387491238,0.34797329629749696,channel_plus_length,channel_presence_plus_length,1,3,42,2278,569,0.8362598770851625,0.836555360281195
0.7620854793530316,0.9381630934752974,0.8260105448154658,0.5326307942531852,0.8458715596330275,0.9684873949579832,0.0967741935483871,0.9030362389813908,0.11948771309941147,0.38337266922347274,channel_plus_length,channel_presence_plus_length,1,4,42,2278,569,0.8362598770851625,0.836555360281195
0.7957440093776064,0.9488706124438626,0.8368421052631579,0.5,0.8368421052631579,1.0,0.0,0.9111747851002865,0.11230675081912773,0.3628416829300565,channel_plus_length,channel_presence_plus_length,2,0,42,2277,570,0.8361879666227492,0.8368421052631579
0.7711871982835687,0.9429122542243885,0.8192982456140351,0.6058018952261757,0.8678500986193294,0.9243697478991597,0.2872340425531915,0.8952187182095626,0.12082284693506533,0.3817654529670459,channel_plus_length,channel_presence_plus_length,2,1,42,2277,570,0.836627140974967,0.8350877192982457
0.7748034697750068,0.9464307318412364,0.836555360281195,0.5216296195897714,0.8425760286225402,0.9894957983193278,0.053763440860215055,0.9101449275362319,0.11927143209197456,0.37651920820348517,channel_plus_length,channel_presence_plus_length,2,2,42,2278,569,0.8362598770851625,0.836555360281195
0.8422449625011295,0.9601455853299622,0.836555360281195,0.5,0.836555360281195,1.0,0.0,0.9110047846889953,0.10550811453043304,0.3407010943271938,channel_plus_length,channel_presence_plus_length,2,3,42,2278,569,0.8362598770851625,0.836555360281195
0.7621871329176833,0.9388001932184147,0.827768014059754,0.5250293665853438,0.8436363636363636,0.9747899159663865,0.07526881720430108,0.9044834307992202,0.12009798816776976,0.38544245767130964,channel_plus_length,channel_presence_plus_length,2,4,42,2278,569,0.8362598770851625,0.836555360281195
0.7529699510831586,0.9399007903454466,0.8368421052631579,0.5519375126800568,0.8516483516483516,0.9748427672955975,0.12903225806451613,0.9090909090909091,0.12202795788990152,0.3875354592624843,channel_plus_length,channel_presence_plus_length,3,0,42,2277,570,0.8361879666227492,0.8368421052631579
0.7757129447523692,0.9393964917501463,0.8350877192982457,0.5256123726086179,0.8422939068100358,0.9873949579831933,0.06382978723404255,0.9090909090909091,0.11662468974720895,0.37698877429603633,channel_plus_length,channel_presence_plus_length,3,1,42,2277,570,0.836627140974967,0.8350877192982457
0.8174979669287071,0.9578855797881117,0.836555360281195,0.5,0.836555360281195,1.0,0.0,0.9110047846889953,0.11190555295247237,0.3536020168920369,channel_plus_length,channel_presence_plus_length,3,2,42,2278,569,0.8362598770851625,0.836555360281195
0.7749728923827596,0.9446518549248739,0.8330404217926186,0.5238547031715912,0.8432432432432433,0.9831932773109243,0.06451612903225806,0.9078564500484966,0.11892782763995707,0.37831324484380824,channel_plus_length,channel_presence_plus_length,3,3,42,2278,569,0.8362598770851625,0.836555360281195
0.8182660160838529,0.9536298141338225,0.836555360281195,0.5,0.836555360281195,1.0,0.0,0.9110047846889953,0.10855739023448743,0.351380187621146,channel_plus_length,channel_presence_plus_length,3,4,42,2278,569,0.8362598770851625,0.836555360281195
0.7703162687946619,0.943170776048569,0.8421052631578947,0.5594102928247785,0.8537477148080439,0.9790356394129979,0.13978494623655913,0.912109375,0.11767925372032322,0.37642059845527187,channel_plus_length,channel_presence_plus_length,4,0,42,2277,570,0.8361879666227492,0.8368421052631579
0.8038396209547648,0.9513457467545745,0.8350877192982457,0.5,0.8350877192982457,1.0,0.0,0.9101338432122371,0.11330090328978935,0.3610088897473017,channel_plus_length,channel_presence_plus_length,4,1,42,2277,570,0.836627140974967,0.8350877192982457
0.8000813228517214,0.9480316920279181,0.8400702987697716,0.5496860034336315,0.8506375227686703,0.9810924369747899,0.11827956989247312,0.911219512195122,0.11258431707062573,0.3618155139865382,channel_plus_length,channel_presence_plus_length,4,2,42,2278,569,0.8362598770851625,0.836555360281195
0.7948631065329357,0.9479547392145001,0.836555360281195,0.5,0.836555360281195,1.0,0.0,0.9110047846889953,0.1134819189443847,0.36408334406309817,channel_plus_length,channel_presence_plus_length,4,3,42,2278,569,0.8362598770851625,0.836555360281195
0.7693932411674347,0.9435047859582744,0.8312829525483304,0.5184783590855697,0.841726618705036,0.9831932773109243,0.053763440860215055,0.9069767441860465,0.1197438276980233,0.38033592396367477,channel_plus_length,channel_presence_plus_length,4,4,42,2278,569,0.8362598770851625,0.836555360281195
0.759033836027141,0.9380724615021161,0.8157894736842105,0.565327652667884,0.8563218390804598,0.9371069182389937,0.1935483870967742,0.8948948948948949,0.12137893975619593,0.3881572316436556,channel_plus_length,channel_presence_plus_length,5,0,42,2277,570,0.8361879666227492,0.8368421052631579
0.7937041838011801,0.9467450244239228,0.8350877192982457,0.5,0.8350877192982457,1.0,0.0,0.9101338432122371,0.11358748000872994,0.36610654022662237,channel_plus_length,channel_presence_plus_length,5,1,42,2277,570,0.836627140974967,0.8350877192982457
0.8000361434896538,0.9472358800308819,0.8453427065026362,0.5441854161019246,0.8489208633093526,0.9915966386554622,0.0967741935483871,0.9147286821705426,0.11113986961616056,0.3606712924779251,channel_plus_length,channel_presence_plus_length,5,2,42,2278,569,0.8362598770851625,0.836555360281195
0.8018207282913166,0.955096280621141,0.827768014059754,0.5033997469955724,0.8375,0.9852941176470589,0.021505376344086023,0.9054054054054054,0.11696718758220026,0.36415242149903243,channel_plus_length,channel_presence_plus_length,5,3,42,2278,569,0.8362598770851625,0.836555360281195
0.780812324929972,0.9466279035551453,0.836555360281195,0.5216296195897714,0.8425760286225402,0.9894957983193278,0.053763440860215055,0.9101449275362319,0.11610774610227331,0.3709187671473701,channel_plus_length,channel_presence_plus_length,5,4,42,2278,569,0.8362598770851625,0.836555360281195
0.7836275106512477,0.9474770557572574,0.8368421052631579,0.5,0.8368421052631579,1.0,0.0,0.9111747851002865,0.1159502968694345,0.3705577304132283,channel_plus_length,channel_presence_plus_length,6,0,42,2277,570,0.8361879666227492,0.8368421052631579
0.7627391382084748,0.9332088509001892,0.8263157894736842,0.5929286608260326,0.8631984585741811,0.9411764705882353,0.24468085106382978,0.9005025125628141,0.11947202069314797,0.3881282035672303,channel_plus_length,channel_presence_plus_length,6,1,42,2277,570,0.836627140974967,0.8350877192982457
0.7812415288696123,0.9456509819308213,0.8330404217926186,0.5281806270895455,0.8444846292947559,0.9810924369747899,0.07526881720430108,0.9076773566569485,0.11685218129426614,0.3726759054356318,channel_plus_length,channel_presence_plus_length,6,2,42,2278,569,0.8362598770851625,0.836555360281195
0.8255173036956718,0.9600690438922783,0.836555360281195,0.5,0.836555360281195,1.0,0.0,0.9110047846889953,0.11018707588486429,0.3475220869027081,channel_plus_length,channel_presence_plus_length,6,3,42,2278,569,0.8362598770851625,0.836555360281195
0.784008764796241,0.9459982857321899,0.8260105448154658,0.5239789464172766,0.843351548269581,0.9726890756302521,0.07526881720430108,0.9034146341463415,0.11593486466633865,0.37032427329367135,channel_plus_length,channel_presence_plus_length,6,4,42,2278,569,0.8362598770851625,0.836555360281195
0.7876062306981357,0.9499975302768362,0.8368421052631579,0.5,0.8368421052631579,1.0,0.0,0.9111747851002865,0.11682308750602943,0.3680674746201318,channel_plus_length,channel_presence_plus_length,7,0,42,2277,570,0.8361879666227492,0.8368421052631579
0.7963414089039872,0.9516331384497424,0.8350877192982457,0.517074915072412,0.8398576512455516,0.9915966386554622,0.0425531914893617,0.9094412331406551,0.11608107459778028,0.3653444443214558,channel_plus_length,channel_presence_plus_length,7,1,42,2277,570,0.836627140974967,0.8350877192982457
0.7784629981024668,0.9405053197069477,0.8453427065026362,0.5485113400198789,0.8501805054151624,0.9894957983193278,0.10752688172043011,0.9145631067961165,0.11526801357345862,0.37573653617410735,channel_plus_length,channel_presence_plus_length,7,2,42,2278,569,0.8362598770851625,0.836555360281195
0.8082474925454053,0.9521688556677796,0.836555360281195,0.5,0.836555360281195,1.0,0.0,0.9110047846889953,0.10929200976881805,0.35425680573588164,channel_plus_length,channel_presence_plus_length,7,3,42,2278,569,0.8362598770851625,0.836555360281195
0.7619951206288966,0.9390620961541779,0.8242530755711776,0.548884069756935,0.8507462686567164,0.957983193277311,0.13978494623655913,0.9011857707509882,0.12089461951211103,0.38647269369090825,channel_plus_length,channel_presence_plus_length,7,4,42,2278,569,0.8362598770851625,0.836555360281195
0.732760758323753,0.9338423602351089,0.8210526315789474,0.5251910461892203,0.8440366972477065,0.9643605870020965,0.08602150537634409,0.9001956947162426,0.1261357747038689,0.40072795252576787,channel_plus_length,channel_presence_plus_length,8,0,42,2277,570,0.8361879666227492,0.8368421052631579
0.8264236545682103,0.9562104207787396,0.8350877192982457,0.5,0.8350877192982457,1.0,0.0,0.9101338432122371,0.10790717980780788,0.3473326388019251,channel_plus_length,channel_presence_plus_length,8,1,42,2277,570,0.836627140974967,0.8350877192982457
0.8269178639197614,0.9571689477510962,0.836555360281195,0.5,0.836555360281195,1.0,0.0,0.9110047846889953,0.10871140046343947,0.3468018025360681,channel_plus_length,channel_presence_plus_length,8,2,42,2278,569,0.8362598770851625,0.836555360281195
0.7698676244691425,0.9422385043105398,0.8330404217926186,0.5022250835818198,0.8371681415929203,0.9936974789915967,0.010752688172043012,0.9087415946205571,0.11941188167546739,0.38179684299740574,channel_plus_length,channel_presence_plus_length,8,3,42,2278,569,0.8362598770851625,0.836555360281195
0.7763508629258156,0.9442996067293044,0.8295254833040422,0.5779908737688624,0.8595825426944972,0.9516806722689075,0.20430107526881722,0.9032901296111665,0.11790369472807619,0.37621782046030977,channel_plus_length,channel_presence_plus_length,8,4,42,2278,569,0.8362598770851625,0.836555360281195
0.7642298415274678,0.9409889067293782,0.8298245614035088,0.5304321363359707,0.8454545454545455,0.9748427672955975,0.08602150537634409,0.9055501460564752,0.11899561525552313,0.3806281763953449,channel_plus_length,channel_presence_plus_length,9,0,42,2277,570,0.8361879666227492,0.8368421052631579
0.7704273198641158,0.9436813576168142,0.8403508771929824,0.5415698194171286,0.8468468468468469,0.9873949579831933,0.09574468085106383,0.9117361784675073,0.11860323282644508,0.3791324950411164,channel_plus_length,channel_presence_plus_length,9,1,42,2277,570,0.836627140974967,0.8350877192982457
0.8266806722689075,0.9557009197288459,0.836555360281195,0.5,0.836555360281195,1.0,0.0,0.9110047846889953,0.10845299894698675,0.3476535161765836,channel_plus_length,channel_presence_plus_length,9,2,42,2278,569,0.8362598770851625,0.836555360281195
0.7875779343995662,0.9457153823733307,0.836555360281195,0.5,0.836555360281195,1.0,0.0,0.9110047846889953,0.1159116704327789,0.37005510888969045,channel_plus_length,channel_presence_plus_length,9,3,42,2278,569,0.8362598770851625,0.836555360281195
0.7859740670461733,0.9458056092095593,0.8383128295254832,0.5572874311014728,0.8529411764705882,0.9747899159663865,0.13978494623655913,0.9098039215686274,0.11564774884292131,0.37018281131692377,channel_plus_length,channel_presence_plus_length,9,4,42,2278,569,0.8362598770851625,0.836555360281195
0.7154257117738554,0.9234001218815799,0.8333333333333334,0.5584973287346994,0.8537037037037037,0.9664570230607966,0.15053763440860216,0.9065880039331367,0.12505939684776707,0.4130258390997476,enhanced_journey_logistic,full_enhanced_features,0,0,42,2277,570,0.8361879666227492,0.8368421052631579
0.7783278204898981,0.9435669524917342,0.8315789473684211,0.5832737350259253,0.8598484848484849,0.9537815126050421,0.2127659574468085,0.9043824701195219,0.11873109598664784,0.37902519440233085,enhanced_journey_logistic,full_enhanced_features,0,1,42,2277,570,0.836627140974967,0.8350877192982457
0.768986626908828,0.9400503797161848,0.8453427065026362,0.565815035691696,0.8553113553113553,0.9810924369747899,0.15053763440860216,0.913894324853229,0.11711137103553514,0.37975790174354557,enhanced_journey_logistic,full_enhanced_features,0,2,42,2278,569,0.8362598770851625,0.836555360281195
0.8014931779163278,0.9461557165607203,0.8347978910369068,0.533556971175567,0.8460144927536232,0.9810924369747899,0.08602150537634409,0.9085603112840467,0.11283585577856176,0.36640911416025396,enhanced_journey_logistic,full_enhanced_features,0,3,42,2278,569,0.8362598770851625,0.836555360281195
0.7449060269268997,0.9364666490164317,0.836555360281195,0.5994962501129484,0.8661567877629063,0.9516806722689075,0.24731182795698925,0.9069069069069069,0.12342892502477897,0.39533165024369227,enhanced_journey_logistic,full_enhanced_features,0,4,42,2278,569,0.8362598770851625,0.836555360281195
0.7572191790085886,0.9397984549520872,0.8245614035087719,0.5445999864746061,0.849721706864564,0.960167714884696,0.12903225806451613,0.9015748031496063,0.12280492290320694,0.39044115189746914,enhanced_journey_logistic,full_enhanced_features,1,0,42,2277,570,0.8361879666227492,0.8368421052631579
0.737182639013052,0.9298079716927949,0.8350877192982457,0.5640309315215448,0.8537037037037037,0.9684873949579832,0.1595744680851064,0.90748031496063,0.12391050051241782,0.4043622289712303,enhanced_journey_logistic,full_enhanced_features,1,1,42,2277,570,0.836627140974967,0.8350877192982457
0.765564290232222,0.9383103714606433,0.836555360281195,0.547585163097497,0.850091407678245,0.976890756302521,0.11827956989247312,0.9090909090909091,0.11710193063381426,0.38186918449025753,enhanced_journey_logistic,full_enhanced_features,1,2,42,2278,569,0.8362598770851625,0.836555360281195
0.8090042468600342,0.9512905551359283,0.8541300527240774,0.5797189843679408,0.8592321755027422,0.9873949579831933,0.17204301075268819,0.9188660801564027,0.11047299865246378,0.35689133255127947,enhanced_journey_logistic,full_enhanced_features,1,3,42,2278,569,0.8362598770851625,0.836555360281195
0.7445332971898436,0.930926001863362,0.8330404217926186,0.5800917141049968,0.8601134215500945,0.9558823529411765,0.20430107526881722,0.9054726368159204,0.12277405416096442,0.3995268205310644,enhanced_journey_logistic,full_enhanced_features,1,4,42,2278,569,0.8362598770851625,0.836555360281195
0.7555397759293074,0.9348243117734912,0.8491228070175438,0.5636031649421789,0.8548094373865699,0.9874213836477987,0.13978494623655913,0.9163424124513618,0.11762899951347501,0.3882818854837387,enhanced_journey_logistic,full_enhanced_features,2,0,42,2277,570,0.8361879666227492,0.8368421052631579
0.7528718934382262,0.9388366722333519,0.8263157894736842,0.6057348471303415,0.8674463937621832,0.9348739495798319,0.2765957446808511,0.8998988877654196,0.12539541394746584,0.39614373087663696,enhanced_journey_logistic,full_enhanced_features,2,1,42,2277,570,0.836627140974967,0.8350877192982457
0.7286753411041835,0.932084795859205,0.8295254833040422,0.556361254179091,0.8528864059590316,0.9621848739495799,0.15053763440860216,0.9042448173741362,0.12650345625628448,0.4060163771997741,enhanced_journey_logistic,full_enhanced_features,2,2,42,2278,569,0.8362598770851625,0.836555360281195
0.8092414385108881,0.9490195553913987,0.843585237258348,0.5431349959338574,0.8486486486486486,0.9894957983193278,0.0967741935483871,0.9136760426770126,0.11042387988551317,0.3587599071731316,enhanced_journey_logistic,full_enhanced_features,2,3,42,2278,569,0.8362598770851625,0.836555360281195
0.7404445649227434,0.9321128657410055,0.8242530755711776,0.5272544501671637,0.8443223443223443,0.9684873949579832,0.08602150537634409,0.9021526418786693,0.12514044796619056,0.40348179536784795,enhanced_journey_logistic,full_enhanced_features,2,4,42,2278,569,0.8362598770851625,0.836555360281195
0.7143887649061113,0.9284894741746965,0.8192982456140351,0.5284709542165416,0.8450184501845018,0.960167714884696,0.0967741935483871,0.8989205103042198,0.13080193521106395,0.4171208309436331,enhanced_journey_logistic,full_enhanced_features,3,0,42,2277,570,0.8361879666227492,0.8368421052631579
0.765331664580726,0.9327171491825926,0.8350877192982457,0.5725683890577508,0.8563432835820896,0.9642857142857143,0.18085106382978725,0.9071146245059288,0.11892296438612157,0.3904182436477823,enhanced_journey_logistic,full_enhanced_features,3,1,42,2277,570,0.836627140974967,0.8350877192982457
0.7825856148911178,0.9494244697027787,0.8295254833040422,0.5779908737688624,0.8595825426944972,0.9516806722689075,0.20430107526881722,0.9032901296111665,0.11756256023063572,0.3713312462632526,enhanced_journey_logistic,full_enhanced_features,3,2,42,2278,569,0.8362598770851625,0.836555360281195
0.7491302972802024,0.9364601384368463,0.8242530755711776,0.5532099936748893,0.8520599250936329,0.9558823529411765,0.15053763440860216,0.900990099009901,0.12263984383641564,0.396246111693147,enhanced_journey_logistic,full_enhanced_features,3,3,42,2278,569,0.8362598770851625,0.836555360281195
0.7950664136622391,0.943113485903956,0.8383128295254832,0.5313318875937472,0.8453237410071942,0.9873949579831933,0.07526881720430108,0.9108527131782945,0.11179440129287194,0.3691448876378275,enhanced_journey_logistic,full_enhanced_features,3,4,42,2278,569,0.8362598770851625,0.836555360281195
0.748021911138162,0.9343947650034392,0.8403508771929824,0.5626902008520999,0.8547794117647058,0.9748427672955975,0.15053763440860216,0.910871694417238,0.12148496286433434,0.39359684137816037,enhanced_journey_logistic,full_enhanced_features,4,0,42,2277,570,0.8361879666227492,0.8368421052631579
0.7729639728231718,0.9440800744843829,0.8368421052631579,0.5480064366172,0.848816029143898,0.9789915966386554,0.11702127659574468,0.9092682926829269,0.11879030696664672,0.3798789742190084,enhanced_journey_logistic,full_enhanced_features,4,1,42,2277,570,0.836627140974967,0.8350877192982457
0.7794230595463991,0.9393125057652799,0.8242530755711776,0.5575359175928436,0.8533834586466166,0.9537815126050421,0.16129032258064516,0.9007936507936508,0.1169977869058259,0.38029371340215884,enhanced_journey_logistic,full_enhanced_features,4,2,42,2278,569,0.8362598770851625,0.836555360281195
0.7608204572151441,0.9383281738182747,0.8400702987697716,0.5756415469413572,0.8584729981378026,0.9684873949579832,0.1827956989247312,0.910167818361303,0.1174396126948011,0.38286265581652046,enhanced_journey_logistic,full_enhanced_features,4,3,42,2278,569,0.8362598770851625,0.836555360281195
0.7434038131381585,0.931968318118402,0.8224956063268892,0.5478336495888678,0.8504672897196262,0.9558823529411765,0.13978494623655913,0.9000989119683481,0.12340807392093431,0.40020044690113404,enhanced_journey_logistic,full_enhanced_features,4,4,42,2278,569,0.8362598770851625,0.836555360281195
0.7264038231780168,0.9258556981665107,0.8333333333333334,0.5887942111313992,0.8631178707224335,0.9517819706498952,0.22580645161290322,0.905284147557328,0.12789654304566625,0.4142910743920552,enhanced_journey_logistic,full_enhanced_features,5,0,42,2277,570,0.8361879666227492,0.8368421052631579
0.7798140532808868,0.942834571734872,0.8385964912280702,0.5447881280171643,0.8478260869565217,0.9831932773109243,0.10638297872340426,0.9105058365758755,0.11615988025780538,0.37654882406641793,enhanced_journey_logistic,full_enhanced_features,5,1,42,2277,570,0.836627140974967,0.8350877192982457
0.7683315261588507,0.9396819646249425,0.8418277680140598,0.5723660431914701,0.8574074074074074,0.9726890756302521,0.17204301075268819,0.9114173228346457,0.11555169645529478,0.3773767519635515,enhanced_journey_logistic,full_enhanced_features,5,2,42,2278,569,0.8362598770851625,0.836555360281195
0.7751084304689618,0.945874909438896,0.8154657293497364,0.5479578928345532,0.8506616257088847,0.9453781512605042,0.15053763440860216,0.8955223880597015,0.12328834765794845,0.3862629709218588,enhanced_journey_logistic,full_enhanced_features,5,3,42,2278,569,0.8362598770851625,0.836555360281195
0.7541339116291678,0.9336775210394226,0.8418277680140598,0.5377586518478359,0.8471223021582733,0.9894957983193278,0.08602150537634409,0.9127906976744186,0.11934235679238787,0.38939498964241154,enhanced_journey_logistic,full_enhanced_features,5,4,42,2278,569,0.8362598770851625,0.836555360281195
0.7443925971010572,0.9314103023800355,0.8403508771929824,0.5453776966254142,0.8496376811594203,0.9832285115303984,0.10752688172043011,0.9115646258503401,0.11924290346095526,0.393276868590117,enhanced_journey_logistic,full_enhanced_features,6,0,42,2277,570,0.8361879666227492,0.8368421052631579
0.737126765599857,0.9222122782995725,0.8368421052631579,0.5949624530663329,0.8633776091081594,0.9558823529411765,0.23404255319148937,0.9072781655034895,0.12338660295035236,0.4124957728802599,enhanced_journey_logistic,full_enhanced_features,6,1,42,2277,570,0.836627140974967,0.8350877192982457
0.7618031083401102,0.9419014890393752,0.8224956063268892,0.5781151170145478,0.8598848368522073,0.9411764705882353,0.21505376344086022,0.8986960882647944,0.12314530481907,0.3895556456955653,enhanced_journey_logistic,full_enhanced_features,6,2,42,2278,569,0.8362598770851625,0.836555360281195
0.798341917412126,0.9526247069414547,0.8400702987697716,0.5799674708593114,0.8598130841121495,0.9663865546218487,0.1935483870967742,0.9099901088031652,0.11431537378679407,0.36312533806154956,enhanced_journey_logistic,full_enhanced_features,6,3,42,2278,569,0.8362598770851625,0.836555360281195
0.7495143218577754,0.9330169023182358,0.8418277680140598,0.5680401192735158,0.8560885608856088,0.9747899159663865,0.16129032258064516,0.9115913555992141,0.1202571912565411,0.3921759588401962,enhanced_journey_logistic,full_enhanced_features,6,4,42,2278,569,0.8362598770851625,0.836555360281195
0.7482022497238566,0.9382505884196225,0.8280701754385965,0.5510245485899776,0.8515769944341373,0.9622641509433962,0.13978494623655913,0.9035433070866141,0.12333966937836814,0.3925639755835287,enhanced_journey_logistic,full_enhanced_features,7,0,42,2277,570,0.8361879666227492,0.8368421052631579
0.7756123726086179,0.9431065059786388,0.8298245614035088,0.5608796710173432,0.8528864059590316,0.9621848739495799,0.1595744680851064,0.9042448173741362,0.11874364047121032,0.3793161090150731,enhanced_journey_logistic,full_enhanced_features,7,1,42,2277,570,0.836627140974967,0.8350877192982457
0.7485203758922924,0.9292282862281909,0.843585237258348,0.5431349959338574,0.8486486486486486,0.9894957983193278,0.0967741935483871,0.9136760426770126,0.11903775473953175,0.39977014341568456,enhanced_journey_logistic,full_enhanced_features,7,2,42,2278,569,0.8362598770851625,0.836555360281195
0.7830035239902411,0.9441386240968856,0.8418277680140598,0.5334327279298816,0.8458781362007168,0.9915966386554622,0.07526881720430108,0.9129593810444874,0.11389311433224104,0.37019379620509846,enhanced_journey_logistic,full_enhanced_features,7,3,42,2278,569,0.8362598770851625,0.836555360281195
0.7426357639830126,0.9352342912489956,0.8084358523725835,0.5826895274238728,0.8619329388560157,0.9180672268907563,0.24731182795698925,0.8891149542217701,0.12646852034114872,0.4019538868915969,enhanced_journey_logistic,full_enhanced_features,7,4,42,2278,569,0.8362598770851625,0.836555360281195
0.6869660287189198,0.9196841886320324,0.8140350877192982,0.533982552241834,0.8467289719626169,0.949685534591195,0.11827956989247312,0.8952569169960475,0.1346237528071343,0.4348443762246596,enhanced_journey_logistic,full_enhanced_features,8,0,42,2277,570,0.8361879666227492,0.8368421052631579
0.8007442338637583,0.9490151687816604,0.843859649122807,0.5650143035937779,0.8537477148080439,0.9810924369747899,0.14893617021276595,0.9130009775171065,0.11316404255970598,0.363836168033441,enhanced_journey_logistic,full_enhanced_features,8,1,42,2277,570,0.836627140974967,0.8350877192982457
0.8005331164723953,0.9494603603754066,0.8400702987697716,0.5626637751874943,0.85451197053407,0.9747899159663865,0.15053763440860216,0.9106967615309126,0.11228434641585298,0.3614905977987203,enhanced_journey_logistic,full_enhanced_features,8,2,42,2278,569,0.8362598770851625,0.836555360281195
0.739552272521912,0.9353702585904229,0.8260105448154658,0.5412826420890937,0.8484288354898336,0.9642857142857143,0.11827956989247312,0.9026548672566371,0.12413873014174906,0.3989807034397269,enhanced_journey_logistic,full_enhanced_features,8,3,42,2278,569,0.8362598770851625,0.836555360281195
0.7490173488750338,0.9375301310299615,0.827768014059754,0.5812663775187494,0.8606870229007634,0.9474789915966386,0.21505376344086022,0.902,0.12275967230390526,0.39175257703401645,enhanced_journey_logistic,full_enhanced_features,8,4,42,2278,569,0.8362598770851625,0.836555360281195
0.7426342958905344,0.9348504321602427,0.8315789473684211,0.5401366064786637,0.8482632541133455,0.9727463312368972,0.10752688172043011,0.90625,0.12269388219873492,0.39531002492253614,enhanced_journey_logistic,full_enhanced_features,9,0,42,2277,570,0.8361879666227492,0.8368421052631579
0.7488713570534598,0.9352633322654527,0.8368421052631579,0.569350080457715,0.8552875695732839,0.9684873949579832,0.1702127659574468,0.9083743842364532,0.12144070893510664,0.39368968392996617,enhanced_journey_logistic,full_enhanced_features,9,1,42,2277,570,0.836627140974967,0.8350877192982457
0.8047460919851812,0.9505272023781451,0.8330404217926186,0.536832474925454,0.8469945355191257,0.976890756302521,0.0967741935483871,0.9073170731707317,0.11238813846259724,0.36131186264296183,enhanced_journey_logistic,full_enhanced_features,9,2,42,2278,569,0.8362598770851625,0.836555360281195
0.767699015089907,0.9403807658508077,0.8242530755711776,0.5575359175928436,0.8533834586466166,0.9537815126050421,0.16129032258064516,0.9007936507936508,0.12046511034902023,0.3851385738239157,enhanced_journey_logistic,full_enhanced_features,9,3,42,2278,569,0.8362598770851625,0.836555360281195
0.7430988524442035,0.926198443995792,0.8383128295254832,0.5616133550194271,0.8542435424354243,0.9726890756302521,0.15053763440860216,0.9096267190569745,0.12061917913602459,0.40054311234787693,enhanced_journey_logistic,full_enhanced_features,9,4,42,2278,569,0.8362598770851625,0.836555360281195
0.7160794391469985,0.9224384248175161,0.6473684210526316,0.6334956380604585,0.896551724137931,0.6540880503144654,0.6129032258064516,0.7563636363636363,0.20986850078233377,0.5985383498302153,enhanced_journey_logistic_balanced,full_enhanced_features_balanced,0,0,42,2277,570,0.8361879666227492,0.8368421052631579
0.7733215626676202,0.9419248318765143,0.6964912280701754,0.7115590917217951,0.9291784702549575,0.6890756302521008,0.7340425531914894,0.7913148371531966,0.19583943456705902,0.5693803019009286,enhanced_journey_logistic_balanced,full_enhanced_features_balanced,0,1,42,2277,570,0.836627140974967,0.8350877192982457
0.7672698111502665,0.9393378269143797,0.6502636203866432,0.6871442125237192,0.9261538461538461,0.6323529411764706,0.7419354838709677,0.7515605493133583,0.2081101613599711,0.5920365417916696,enhanced_journey_logistic_balanced,full_enhanced_features_balanced,0,2,42,2278,569,0.8362598770851625,0.836555360281195
0.7980143670371375,0.9455634365717376,0.718804920913884,0.7410883708322038,0.9413407821229051,0.707983193277311,0.7741935483870968,0.8081534772182254,0.1761340951099358,0.5211642043569558,enhanced_journey_logistic_balanced,full_enhanced_features_balanced,0,3,42,2278,569,0.8362598770851625,0.836555360281195
0.7416982922201139,0.9348440839924412,0.6748681898066784,0.6456130839432548,0.8986301369863013,0.6890756302521008,0.6021505376344086,0.7800237812128419,0.2018224034464257,0.5810781119457106,enhanced_journey_logistic_balanced,full_enhanced_features_balanced,0,4,42,2278,569,0.8362598770851625,0.836555360281195
0.7514483442663601,0.9380838446340938,0.6859649122807018,0.6868533171028606,0.9185393258426966,0.6855345911949685,0.6881720430107527,0.7851140456182473,0.20107775586221927,0.5830111733916731,enhanced_journey_logistic_balanced,full_enhanced_features_balanced,1,0,42,2277,570,0.8361879666227492,0.8368421052631579
0.7356181834435902,0.9292131833250372,0.6842105263157895,0.6743250491686036,0.9111111111111111,0.6890756302521008,0.6595744680851063,0.784688995215311,0.2012635784174417,0.5811144259789809,enhanced_journey_logistic_balanced,full_enhanced_features_balanced,1,1,42,2277,570,0.836627140974967,0.8350877192982457
0.7619725309478631,0.9370633034279594,0.6906854130052724,0.7026520285533568,0.9261363636363636,0.6848739495798319,0.7204301075268817,0.7874396135265701,0.19427766455824313,0.559796496788878,enhanced_journey_logistic_balanced,full_enhanced_features_balanced,1,2,42,2278,569,0.8362598770851625,0.836555360281195
0.8085072738772929,0.9517253598777518,0.7012302284710018,0.7305841691515316,0.9396551724137931,0.6869747899159664,0.7741935483870968,0.7936893203883495,0.18495389503554308,0.5374955368624567,enhanced_journey_logistic_balanced,full_enhanced_features_balanced,1,3,42,2278,569,0.8362598770851625,0.836555360281195
0.7433812234571249,0.9308148501291929,0.655536028119508,0.6859695491099667,0.9242424242424242,0.6407563025210085,0.7311827956989247,0.7568238213399504,0.212315409561947,0.6075571128613582,enhanced_journey_logistic_balanced,full_enhanced_features_balanced,1,4,42,2278,569,0.8362598770851625,0.836555360281195
0.7514596154279661,0.9334437736233028,0.6543859649122807,0.6636572665178873,0.9117647058823529,0.649895178197065,0.6774193548387096,0.758873929008568,0.20219903459690286,0.5769791610831051,enhanced_journey_logistic_balanced,full_enhanced_features_balanced,2,0,42,2277,570,0.8361879666227492,0.8368421052631579
0.7505922581798676,0.9380662584055046,0.6649122807017543,0.6798453423922761,0.9178885630498533,0.657563025210084,0.7021276595744681,0.7662178702570379,0.21523088689102435,0.6161963819736449,enhanced_journey_logistic_balanced,full_enhanced_features_balanced,2,1,42,2277,570,0.836627140974967,0.8350877192982457
0.7240896358543416,0.9304095825516222,0.6783831282952548,0.6347361525255264,0.8927613941018767,0.6995798319327731,0.5698924731182796,0.784452296819788,0.19737640444309779,0.5698201162603591,enhanced_journey_logistic_balanced,full_enhanced_features_balanced,2,2,42,2278,569,0.8362598770851625,0.836555360281195
0.810709767778079,0.949497129480693,0.7047451669595782,0.732685009487666,0.94,0.6911764705882353,0.7741935483870968,0.7966101694915254,0.18846604799231986,0.5495286957672284,enhanced_journey_logistic_balanced,full_enhanced_features_balanced,2,3,42,2278,569,0.8362598770851625,0.836555360281195
0.7345486581729466,0.930653265189512,0.6766256590509666,0.6726190476190477,0.9124293785310734,0.6785714285714286,0.6666666666666666,0.7783132530120482,0.20410621394024778,0.5870223517770562,enhanced_journey_logistic_balanced,full_enhanced_features_balanced,2,4,42,2278,569,0.8362598770851625,0.836555360281195
0.7141858839972047,0.9277543757854118,0.6684210526315789,0.6547305065260025,0.9044943820224719,0.6750524109014675,0.6344086021505376,0.773109243697479,0.20738969669249577,0.5949082163771763,enhanced_journey_logistic_balanced,full_enhanced_features_balanced,3,0,42,2277,570,0.8361879666227492,0.8368421052631579
0.7636107634543179,0.9324134536018447,0.6894736842105263,0.6902824959771143,0.9187675070028011,0.6890756302521008,0.6914893617021277,0.787515006002401,0.20472573570505176,0.5929100726516582,enhanced_journey_logistic_balanced,full_enhanced_features_balanced,3,1,42,2277,570,0.836627140974967,0.8350877192982457
0.7771866811240625,0.9476302836162707,0.6748681898066784,0.710501942712569,0.9343283582089552,0.657563025210084,0.7634408602150538,0.7718865598027127,0.20312236211595905,0.5852494506551811,enhanced_journey_logistic_balanced,full_enhanced_features_balanced,3,2,42,2278,569,0.8362598770851625,0.836555360281195
0.748091171952652,0.9364209252929985,0.680140597539543,0.6703939640372278,0.9106145251396648,0.6848739495798319,0.6559139784946236,0.7817745803357314,0.19445551029046643,0.5599246391501861,enhanced_journey_logistic_balanced,full_enhanced_features_balanced,3,3,42,2278,569,0.8362598770851625,0.836555360281195
0.7916101924640826,0.9419825281505045,0.6889279437609842,0.7145793801391525,0.9333333333333333,0.6764705882352942,0.7526881720430108,0.784409257003654,0.19008243968572086,0.5524411397428471,enhanced_journey_logistic_balanced,full_enhanced_features_balanced,3,4,42,2278,569,0.8362598770851625,0.836555360281195
0.7511327517413946,0.9349483688861204,0.6368421052631579,0.6618313383377291,0.9141104294478528,0.6247379454926625,0.6989247311827957,0.7422166874221668,0.212569056640093,0.6019783424975476,enhanced_journey_logistic_balanced,full_enhanced_features_balanced,4,0,42,2277,570,0.8361879666227492,0.8368421052631579
0.7687846415161809,0.9421544166113585,0.7263157894736842,0.720878777042732,0.9278074866310161,0.7289915966386554,0.7127659574468085,0.8164705882352942,0.1831337934983239,0.5324495709252686,enhanced_journey_logistic_balanced,full_enhanced_features_balanced,4,1,42,2277,570,0.836627140974967,0.8350877192982457
0.7730753591759284,0.937008892594301,0.6942003514938488,0.7263824884792627,0.938953488372093,0.6785714285714286,0.7741935483870968,0.7878048780487805,0.1963870542869572,0.5734070585994009,enhanced_journey_logistic_balanced,full_enhanced_features_balanced,4,2,42,2278,569,0.8362598770851625,0.836555360281195
0.7571383392066504,0.9368129847578162,0.6678383128295254,0.6716928706966657,0.9135446685878963,0.6659663865546218,0.6774193548387096,0.7703523693803159,0.20109260550993843,0.5747148595300936,enhanced_journey_logistic_balanced,full_enhanced_features_balanced,4,3,42,2278,569,0.8362598770851625,0.836555360281195
0.7409641275865184,0.9312486321427175,0.6836555360281195,0.6941244239631337,0.9228571428571428,0.6785714285714286,0.7096774193548387,0.7820823244552058,0.20533905248019407,0.5923894396773124,enhanced_journey_logistic_balanced,full_enhanced_features_balanced,4,4,42,2278,569,0.8362598770851625,0.836555360281195
0.7240030657559569,0.925601744035083,0.6298245614035087,0.6489822141069859,0.9079754601226994,0.6205450733752621,0.6774193548387096,0.7372353673723536,0.22359387939090158,0.6347669878643029,enhanced_journey_logistic_balanced,full_enhanced_features_balanced,5,0,42,2277,570,0.8361879666227492,0.8368421052631579
0.776618094046129,0.941905409660994,0.7035087719298245,0.6986858573216521,0.9205479452054794,0.7058823529411765,0.6914893617021277,0.7990487514863258,0.18700645663927964,0.5431077408862109,enhanced_journey_logistic_balanced,full_enhanced_features_balanced,5,1,42,2277,570,0.836627140974967,0.8350877192982457
0.7676764254088732,0.9392150550333598,0.6748681898066784,0.6845463992048433,0.9193083573487032,0.6701680672268907,0.6989247311827957,0.7752126366950183,0.1950863054434863,0.562545879829051,enhanced_journey_logistic_balanced,full_enhanced_features_balanced,5,2,42,2278,569,0.8362598770851625,0.836555360281195
0.7683992952019517,0.9437396240701923,0.7258347978910369,0.7150085840787928,0.925531914893617,0.7310924369747899,0.6989247311827957,0.8169014084507042,0.18567657271115884,0.5476748718461374,enhanced_journey_logistic_balanced,full_enhanced_features_balanced,5,3,42,2278,569,0.8362598770851625,0.836555360281195
0.7553085750429204,0.9333688193009773,0.6537785588752196,0.6849191289418993,0.9240121580547113,0.6386554621848739,0.7311827956989247,0.7552795031055901,0.20916778801179794,0.5950765153303322,enhanced_journey_logistic_balanced,full_enhanced_features_balanced,5,4,42,2278,569,0.8362598770851625,0.836555360281195
0.743490904172584,0.9306993607980112,0.6807017543859649,0.6793805369581389,0.9154929577464789,0.6813417190775681,0.6774193548387096,0.78125,0.1941552570306647,0.5600801434923929,enhanced_journey_logistic_balanced,full_enhanced_features_balanced,6,0,42,2277,570,0.8361879666227492,0.8368421052631579
0.7340649025567674,0.9215161834393049,0.6508771929824562,0.6799794385839442,0.9209726443768997,0.6365546218487395,0.723404255319149,0.7527950310559006,0.21757142801745408,0.6239401021766434,enhanced_journey_logistic_balanced,full_enhanced_features_balanced,6,1,42,2277,570,0.836627140974967,0.8350877192982457
0.7567656094695944,0.9401854043173794,0.6977152899824253,0.6982018613897172,0.9222222222222223,0.6974789915966386,0.6989247311827957,0.7942583732057417,0.1998890024204072,0.5808094322279145,enhanced_journey_logistic_balanced,full_enhanced_features_balanced,6,2,42,2278,569,0.8362598770851625,0.836555360281195
0.7948631065329358,0.9511379723978075,0.6977152899824253,0.7155055570615343,0.9318181818181818,0.6890756302521008,0.7419354838709677,0.7922705314009661,0.18657235335928046,0.543061316152536,enhanced_journey_logistic_balanced,full_enhanced_features_balanced,6,3,42,2278,569,0.8362598770851625,0.836555360281195
0.7456740760820457,0.9315546052946259,0.6783831282952548,0.6823213156230234,0.9173789173789174,0.6764705882352942,0.6881720430107527,0.7787182587666264,0.20153284958643497,0.5807078769915286,enhanced_journey_logistic_balanced,full_enhanced_features_balanced,6,4,42,2278,569,0.8362598770851625,0.836555360281195
0.744572935686752,0.9368669325231396,0.6614035087719298,0.6765063907486306,0.9176470588235294,0.6540880503144654,0.6989247311827957,0.7637698898408812,0.20809908633410404,0.5943619585359154,enhanced_journey_logistic_balanced,full_enhanced_features_balanced,7,0,42,2277,570,0.8361879666227492,0.8368421052631579
0.773086894332201,0.9420104537769443,0.6789473684210526,0.7138610763454318,0.9347181008902077,0.6617647058823529,0.7659574468085106,0.7749077490774908,0.20109808264106432,0.5768892061991341,enhanced_journey_logistic_balanced,full_enhanced_features_balanced,7,1,42,2277,570,0.836627140974967,0.8350877192982457
0.7457870244872141,0.9288047879185953,0.6766256590509666,0.676944971537002,0.9147727272727273,0.6764705882352942,0.6774193548387096,0.7777777777777778,0.19295831130059282,0.5586198884246218,enhanced_journey_logistic_balanced,full_enhanced_features_balanced,7,2,42,2278,569,0.8362598770851625,0.836555360281195
0.7815577844040842,0.9440232724555206,0.6959578207381371,0.7014773651396042,0.9243697478991597,0.6932773109243697,0.7096774193548387,0.7923169267707083,0.19327353115645787,0.5596781175048808,enhanced_journey_logistic_balanced,full_enhanced_features_balanced,7,3,42,2278,569,0.8362598770851625,0.836555360281195
0.7458434986897986,0.9356264282132566,0.6836555360281195,0.6768207282913166,0.9134078212290503,0.6869747899159664,0.6666666666666666,0.7841726618705036,0.20384002969743265,0.5912774367865203,enhanced_journey_logistic_balanced,full_enhanced_features_balanced,7,4,42,2278,569,0.8362598770851625,0.836555360281195
0.6801018913009176,0.916978274504209,0.6403508771929824,0.6206465138297153,0.8908045977011494,0.649895178197065,0.5913978494623656,0.7515151515151515,0.21963902162997728,0.6239640313958426,enhanced_journey_logistic_balanced,full_enhanced_features_balanced,8,0,42,2277,570,0.8361879666227492,0.8368421052631579
0.7978388163776148,0.948241670877183,0.6947368421052632,0.7318523153942429,0.9415204678362573,0.6764705882352942,0.7872340425531915,0.7872860635696821,0.1934754731941969,0.5606308805787044,enhanced_journey_logistic_balanced,full_enhanced_features_balanced,8,1,42,2277,570,0.836627140974967,0.8350877192982457
0.7981386102828227,0.9488490773973363,0.7100175746924429,0.709880726484142,0.9260273972602739,0.7100840336134454,0.7096774193548387,0.8038049940546967,0.182838800069822,0.5341306489929146,enhanced_journey_logistic_balanced,full_enhanced_features_balanced,8,2,42,2278,569,0.8362598770851625,0.836555360281195
0.7365026655823619,0.9343838017270572,0.6766256590509666,0.6682931237010934,0.9101123595505618,0.680672268907563,0.6559139784946236,0.7788461538461539,0.1964473172542838,0.5638432655338333,enhanced_journey_logistic_balanced,full_enhanced_features_balanced,8,3,42,2278,569,0.8362598770851625,0.836555360281195
0.7480685822716183,0.9368366026448898,0.6590509666080844,0.6750926176922383,0.9171597633136095,0.6512605042016807,0.6989247311827957,0.7616707616707616,0.2115921192839777,0.6031198876321704,enhanced_journey_logistic_balanced,full_enhanced_features_balanced,8,4,42,2278,569,0.8362598770851625,0.836555360281195
0.738058204278533,0.9327007089846471,0.6596491228070176,0.6668019206059377,0.9125364431486881,0.6561844863731656,0.6774193548387096,0.7634146341463415,0.20569320888328269,0.58659027205748,enhanced_journey_logistic_balanced,full_enhanced_features_balanced,9,0,42,2277,570,0.8361879666227492,0.8368421052631579
0.7460776863937064,0.9341501222624045,0.6736842105263158,0.6594850706239943,0.9050279329608939,0.680672268907563,0.6382978723404256,0.7769784172661871,0.20222792046666593,0.5803652264202858,enhanced_journey_logistic_balanced,full_enhanced_features_balanced,9,1,42,2277,570,0.836627140974967,0.8350877192982457
0.8035714285714284,0.9504069995050135,0.6748681898066784,0.7234797144664318,0.9422492401215805,0.6512605042016807,0.7956989247311828,0.7701863354037267,0.1944980221103584,0.5618903268769173,enhanced_journey_logistic_balanced,full_enhanced_features_balanced,9,2,42,2278,569,0.8362598770851625,0.836555360281195
0.7677216047709405,0.9403318999843157,0.6906854130052724,0.7026520285533568,0.9261363636363636,0.6848739495798319,0.7204301075268817,0.7874396135265701,0.1967741168700805,0.571954355804928,enhanced_journey_logistic_balanced,full_enhanced_features_balanced,9,3,42,2278,569,0.8362598770851625,0.836555360281195
0.7412690882804736,0.9259478341388282,0.6731107205623902,0.6791700551188218,0.9166666666666666,0.6701680672268907,0.6881720430107527,0.7742718446601942,0.20128535346432103,0.5817558406396239,enhanced_journey_logistic_balanced,full_enhanced_features_balanced,9,4,42,2278,569,0.8362598770851625,0.836555360281195
0.6897838191203985,0.912615619634932,0.8140350877192982,0.5686075606952052,0.8574181117533719,0.9329140461215933,0.20430107526881722,0.893574297188755,0.135483817110674,0.5549904684365887,random_forest,full_enhanced_features,0,0,42,2277,570,0.8361879666227492,0.8368421052631579
0.7171017343107455,0.9220918792891242,0.8122807017543859,0.5845252994814948,0.8610567514677103,0.9243697478991597,0.24468085106382978,0.8915906788247214,0.1335814869329543,0.47970812472921714,random_forest,full_enhanced_features,0,1,42,2277,570,0.836627140974967,0.8350877192982457
0.7325720610824974,0.9262402336515884,0.8224956063268892,0.5608114213427307,0.8544423440453687,0.9495798319327731,0.17204301075268819,0.8995024875621891,0.12746936006411205,0.41082854698466054,random_forest,full_enhanced_features,0,2,42,2278,569,0.8362598770851625,0.836555360281195
0.7624582090900877,0.9353480745812733,0.8295254833040422,0.5779908737688624,0.8595825426944972,0.9516806722689075,0.20430107526881722,0.9032901296111665,0.12253445084771705,0.39502870762187514,random_forest,full_enhanced_features,0,3,42,2278,569,0.8362598770851625,0.836555360281195
0.7033861931869522,0.9110961800136838,0.8066783831282952,0.5340539441583085,0.8465909090909091,0.9390756302521008,0.12903225806451613,0.8904382470119522,0.13317693857526752,0.5949193845272533,random_forest,full_enhanced_features,0,4,42,2278,569,0.8362598770851625,0.836555360281195
0.7164401163183878,0.9242657346445041,0.8105263157894737,0.5794955028065192,0.8610567514677103,0.9224318658280922,0.23655913978494625,0.8906882591093117,0.13491707015237878,0.42752875424547615,random_forest,full_enhanced_features,1,0,42,2277,570,0.8361879666227492,0.8368421052631579
0.6862372608617915,0.9098227755756539,0.8140350877192982,0.56850080457715,0.8557692307692307,0.9348739495798319,0.20212765957446807,0.893574297188755,0.13833934695899658,0.44949227819539783,random_forest,full_enhanced_features,1,1,42,2277,570,0.836627140974967,0.8350877192982457
0.7036685641998734,0.9101635777019157,0.8224956063268892,0.5435077256709135,0.8491620111731844,0.957983193277311,0.12903225806451613,0.9002961500493584,0.13173922806671243,0.6013530209948479,random_forest,full_enhanced_features,1,2,42,2278,569,0.8362598770851625,0.836555360281195
0.7508922924008312,0.9248497373421676,0.8295254833040422,0.603946417276588,0.8679611650485437,0.9390756302521008,0.26881720430107525,0.9021190716448032,0.12157913050993381,0.5097502349718355,random_forest,full_enhanced_features,1,3,42,2278,569,0.8362598770851625,0.836555360281195
0.6989021415017621,0.9146261405408388,0.8101933216168717,0.5707621758380772,0.857976653696498,0.9264705882352942,0.21505376344086022,0.8909090909090909,0.1353659897345095,0.48888202548433646,random_forest,full_enhanced_features,1,4,42,2278,569,0.8362598770851625,0.836555360281195
0.7016636234530331,0.9108476205931586,0.8192982456140351,0.5414553323865557,0.8488805970149254,0.9538784067085954,0.12903225806451613,0.8983218163869694,0.1308582506550534,0.4871363975392589,random_forest,full_enhanced_features,2,0,42,2277,570,0.8361879666227492,0.8368421052631579
0.7138722510280706,0.9258788572389807,0.7947368421052632,0.5740210978008224,0.8582834331337326,0.9033613445378151,0.24468085106382978,0.8802456499488229,0.14414901703840774,0.500685257831835,random_forest,full_enhanced_features,2,1,42,2277,570,0.836627140974967,0.8350877192982457
0.6754766422698112,0.8979197271779067,0.8137082601054482,0.5598852444203488,0.8544061302681992,0.9369747899159664,0.1827956989247312,0.8937875751503006,0.13411129999774082,0.6117876757373941,random_forest,full_enhanced_features,2,2,42,2278,569,0.8362598770851625,0.836555360281195
0.7413594470046083,0.9280829181831995,0.827768014059754,0.5726145296828409,0.8579545454545454,0.9516806722689075,0.1935483870967742,0.9023904382470119,0.12224237171448829,0.39893664286079705,random_forest,full_enhanced_features,2,3,42,2278,569,0.8362598770851625,0.836555360281195
0.7155733261046353,0.9276548750916882,0.8031634446397188,0.5233012559862654,0.8433962264150944,0.9390756302521008,0.10752688172043011,0.8886679920477137,0.13648378474956907,0.48572625179176127,random_forest,full_enhanced_features,2,4,42,2278,569,0.8362598770851625,0.836555360281195
0.6513153445594102,0.9011688863248611,0.8140350877192982,0.5512950564685196,0.8519924098671727,0.9412997903563941,0.16129032258064516,0.8944223107569721,0.1437495113006317,0.47026250318337204,random_forest,full_enhanced_features,3,0,42,2277,570,0.8361879666227492,0.8368421052631579
0.7240970856427678,0.9189808850958481,0.8315789473684211,0.6131548364026462,0.8696498054474708,0.9390756302521008,0.2872340425531915,0.9030303030303031,0.12654911753637785,0.41582844439307676,random_forest,full_enhanced_features,3,1,42,2277,570,0.836627140974967,0.8350877192982457
0.7148052769494895,0.917435113622088,0.8224956063268892,0.5997447366043192,0.8669275929549902,0.930672268907563,0.26881720430107525,0.8976697061803445,0.13362335934935246,0.5378845544620146,random_forest,full_enhanced_features,3,2,42,2278,569,0.8362598770851625,0.836555360281195
0.7017823258335592,0.9173222005970401,0.8260105448154658,0.5758900334327279,0.8590476190476191,0.9474789915966386,0.20430107526881722,0.9010989010989011,0.13429529615706884,0.43819602962436616,random_forest,full_enhanced_features,3,3,42,2278,569,0.8362598770851625,0.836555360281195
0.7283929700912624,0.919916378565186,0.8260105448154658,0.5585863377609108,0.8536585365853658,0.9558823529411765,0.16129032258064516,0.9018830525272548,0.12880385250294366,0.587096544370824,random_forest,full_enhanced_features,3,4,42,2278,569,0.8362598770851625,0.836555360281195
0.7250625549469126,0.9251529331450281,0.8368421052631579,0.6038750253601136,0.867816091954023,0.949685534591195,0.25806451612903225,0.9069069069069069,0.12617718783534895,0.4121929168274104,random_forest,full_enhanced_features,4,0,42,2277,570,0.8361879666227492,0.8368421052631579
0.6835106382978723,0.9047462105282005,0.8140350877192982,0.547157160736635,0.8490566037735849,0.9453781512605042,0.14893617021276595,0.8946322067594433,0.13771162595094835,0.5594083553927487,random_forest,full_enhanced_features,4,1,42,2277,570,0.836627140974967,0.8350877192982457
0.7531060811421343,0.9357364550705176,0.8260105448154658,0.5758900334327279,0.8590476190476191,0.9474789915966386,0.20430107526881722,0.9010989010989011,0.12615859210030522,0.4014012709392621,random_forest,full_enhanced_features,4,2,42,2278,569,0.8362598770851625,0.836555360281195
0.7408850637029005,0.9288006619337015,0.8347978910369068,0.5638384386012469,0.8550185873605948,0.9663865546218487,0.16129032258064516,0.9072978303747534,0.12289385953010844,0.39830020742452515,random_forest,full_enhanced_features,4,3,42,2278,569,0.8362598770851625,0.836555360281195
0.6785488388903949,0.9000135472227476,0.8137082601054482,0.5771889400921659,0.8599221789883269,0.9285714285714286,0.22580645161290322,0.8929292929292929,0.13788353023691266,0.6189849146113388,random_forest,full_enhanced_features,4,4,42,2278,569,0.8362598770851625,0.836555360281195
0.6944951646716708,0.9128235541661172,0.8140350877192982,0.6075606952052478,0.8702594810379242,0.9140461215932913,0.3010752688172043,0.8916155419222904,0.13835585687607416,0.5003675855391334,random_forest,full_enhanced_features,5,0,42,2277,570,0.8361879666227492,0.8368421052631579
0.7318076166636868,0.9190029778457981,0.8333333333333334,0.5757866976577866,0.8574108818011257,0.9600840336134454,0.19148936170212766,0.9058473736372646,0.12375168460263992,0.4677319592208667,random_forest,full_enhanced_features,5,1,42,2277,570,0.836627140974967,0.8350877192982457
0.6787408511791814,0.8983683692338306,0.8330404217926186,0.5714398662690883,0.8574108818011257,0.9600840336134454,0.1827956989247312,0.9058473736372646,0.13269684639050724,0.5558786010719217,random_forest,full_enhanced_features,5,2,42,2278,569,0.8362598770851625,0.836555360281195
0.7189053040571067,0.9250097532982087,0.8014059753954306,0.5352286075720611,0.847036328871893,0.930672268907563,0.13978494623655913,0.8868868868868869,0.1367562714125694,0.5432945102618802,random_forest,full_enhanced_features,5,3,42,2278,569,0.8362598770851625,0.836555360281195
0.6863761633685732,0.9083472446033665,0.8101933216168717,0.58373994759194,0.8622047244094488,0.9201680672268907,0.24731182795698925,0.8902439024390244,0.13700294396499235,0.5529044510420753,random_forest,full_enhanced_features,5,4,42,2278,569,0.8362598770851625,0.836555360281195
0.6948558418430604,0.9066435564751092,0.8210526315789474,0.5338472983025631,0.8465804066543438,0.960167714884696,0.10752688172043011,0.899803536345776,0.13062519584221646,0.4905466168640025,random_forest,full_enhanced_features,6,0,42,2277,570,0.8361879666227492,0.8368421052631579
0.711413820847488,0.9146382530088507,0.8263157894736842,0.5886599320579295,0.8618042226487524,0.9432773109243697,0.23404255319148937,0.9007021063189569,0.13125115637411044,0.49020022496337085,random_forest,full_enhanced_features,6,1,42,2277,570,0.836627140974967,0.8350877192982457
0.7265067317249481,0.9143315918172567,0.8137082601054482,0.6074704075178459,0.87,0.9138655462184874,0.3010752688172043,0.8913934426229508,0.13114949428120098,0.591331321523685,random_forest,full_enhanced_features,6,2,42,2278,569,0.8362598770851625,0.836555360281195
0.7112135176651307,0.9219436287288996,0.8260105448154658,0.5975196530224993,0.8660194174757282,0.9369747899159664,0.25806451612903225,0.900100908173562,0.13118890116965107,0.42093359702800126,random_forest,full_enhanced_features,6,3,42,2278,569,0.8362598770851625,0.836555360281195
0.7120493358633777,0.9140146166363871,0.8295254833040422,0.5650131020149995,0.8555347091932458,0.957983193277311,0.17204301075268819,0.9038652130822596,0.1302819497562258,0.5883299761733185,random_forest,full_enhanced_features,6,4,42,2278,569,0.8362598770851625,0.836555360281195
0.7506819052771578,0.9350294822410886,0.8175438596491228,0.5577196185838913,0.8538899430740038,0.9433962264150944,0.17204301075268819,0.896414342629482,0.1293138812633512,0.46567129776243976,random_forest,full_enhanced_features,7,0,42,2277,570,0.8361879666227492,0.8368421052631579
0.744926694081888,0.9370580442771063,0.8105263157894737,0.5578625067048096,0.8524904214559387,0.9348739495798319,0.18085106382978725,0.8917835671342685,0.13070927121364984,0.4065991704064704,random_forest,full_enhanced_features,7,1,42,2277,570,0.836627140974967,0.8350877192982457
0.7247786211258699,0.9200595351401939,0.8347978910369068,0.5681643625192012,0.8563432835820896,0.9642857142857143,0.17204301075268819,0.9071146245059288,0.1266662165861179,0.5257917295323342,random_forest,full_enhanced_features,7,2,42,2278,569,0.8362598770851625,0.836555360281195
0.746114574862203,0.9261444315228413,0.8383128295254832,0.5789170506912442,0.8595505617977528,0.9642857142857143,0.1935483870967742,0.9089108910891089,0.12071817133972727,0.3985696184363469,random_forest,full_enhanced_features,7,3,42,2278,569,0.8362598770851625,0.836555360281195
0.6765496521189119,0.904393204741656,0.8101933216168717,0.5750880997560315,0.859375,0.9243697478991597,0.22580645161290322,0.8906882591093117,0.14355062427737447,0.5221348751366257,random_forest,full_enhanced_features,7,4,42,2278,569,0.8362598770851625,0.836555360281195
0.6548544893036676,0.9026495817525397,0.7947368421052632,0.5311084060323257,0.8461538461538461,0.9224318658280922,0.13978494623655913,0.8826479438314945,0.14717694996975705,0.5306133654842696,random_forest,full_enhanced_features,8,0,42,2277,570,0.8361879666227492,0.8368421052631579
0.7409038083318434,0.9231579767458404,0.8192982456140351,0.5332335061684248,0.844731977818854,0.9600840336134454,0.10638297872340426,0.8987217305801377,0.12628483452082798,0.5191426661405015,random_forest,full_enhanced_features,8,1,42,2277,570,0.836627140974967,0.8350877192982457
0.7410318966296197,0.9329069407412347,0.8242530755711776,0.5532099936748893,0.8520599250936329,0.9558823529411765,0.15053763440860216,0.900990099009901,0.12582039937222583,0.4017032276415071,random_forest,full_enhanced_features,8,2,42,2278,569,0.8362598770851625,0.836555360281195
0.6753523990241257,0.9025315696138536,0.827768014059754,0.5812663775187494,0.8606870229007634,0.9474789915966386,0.21505376344086022,0.902,0.13382379999482932,0.4531267308474734,random_forest,full_enhanced_features,8,3,42,2278,569,0.8362598770851625,0.836555360281195
0.6936952200234934,0.9034596178212634,0.8084358523725835,0.5740376795879643,0.8590998043052838,0.9222689075630253,0.22580645161290322,0.889564336372847,0.13476007019607758,0.6037621446501853,random_forest,full_enhanced_features,8,4,42,2278,569,0.8362598770851625,0.836555360281195
0.6704312346430424,0.8983555113989946,0.8,0.5472374382903902,0.851063829787234,0.9224318658280922,0.17204301075268819,0.8853118712273642,0.14060923798424843,0.5719771121928429,random_forest,full_enhanced_features,9,0,42,2277,570,0.8361879666227492,0.8368421052631579
0.7035915430001789,0.9100908327139972,0.8280701754385965,0.6110539960665118,0.869140625,0.9348739495798319,0.2872340425531915,0.9008097165991903,0.13178576879816906,0.4930638850888852,random_forest,full_enhanced_features,9,1,42,2277,570,0.836627140974967,0.8350877192982457
0.7558055480256618,0.9398872779578639,0.8295254833040422,0.556361254179091,0.8528864059590316,0.9621848739495799,0.15053763440860216,0.9042448173741362,0.12388605094794336,0.3918554073477733,random_forest,full_enhanced_features,9,2,42,2278,569,0.8362598770851625,0.836555360281195
0.7184196259148821,0.9209128947236618,0.8154657293497364,0.5652615885063703,0.8560460652591171,0.9369747899159664,0.1935483870967742,0.8946840521564694,0.13000524683296136,0.4797998008386215,random_forest,full_enhanced_features,9,3,42,2278,569,0.8362598770851625,0.836555360281195
0.7118460287340743,0.9167130435051307,0.8101933216168717,0.5491325562483058,0.851145038167939,0.9369747899159664,0.16129032258064516,0.892,0.13566849141185824,0.6006068494013547,random_forest,full_enhanced_features,9,4,42,2278,569,0.8362598770851625,0.836555360281195
0.6195081265075177,0.871639920253228,0.8052631578947368,0.5633664705484547,0.8560311284046692,0.9224318658280922,0.20430107526881722,0.887991927346115,0.1509481665020908,1.020346154809092,extra_trees,full_enhanced_features,0,0,42,2277,570,0.8361879666227492,0.8368421052631579
0.6846839799749688,0.8969319773489071,0.8,0.5857098158412302,0.862,0.9054621848739496,0.26595744680851063,0.8831967213114754,0.14515825954960573,0.7468518728725578,extra_trees,full_enhanced_features,0,1,42,2277,570,0.836627140974967,0.8350877192982457
0.7079493087557603,0.9053593046569616,0.8137082601054482,0.5598852444203488,0.8544061302681992,0.9369747899159664,0.1827956989247312,0.8937875751503006,0.1329114180710185,0.6019871075314093,extra_trees,full_enhanced_features,0,2,42,2278,569,0.8362598770851625,0.836555360281195
0.7253094786301618,0.9162889075240346,0.7996485061511424,0.5428300352399025,0.8494208494208494,0.9243697478991597,0.16129032258064516,0.8853118712273642,0.13219917120183053,0.5397530042375068,extra_trees,full_enhanced_features,0,3,42,2278,569,0.8362598770851625,0.836555360281195
0.6828069937652481,0.8951446884341806,0.8084358523725835,0.53943028824433,0.8481973434535104,0.9390756302521008,0.13978494623655913,0.8913260219341974,0.14010891821076454,0.7934415881784165,extra_trees,full_enhanced_features,0,4,42,2278,569,0.8362598770851625,0.836555360281195
0.6820405310971348,0.8981683849055466,0.8070175438596491,0.5687428146344762,0.8576998050682261,0.9224318658280922,0.21505376344086022,0.8888888888888888,0.14062376123858106,0.6286394015007047,extra_trees,full_enhanced_features,1,0,42,2277,570,0.8361879666227492,0.8368421052631579
0.6511040586447345,0.8843198416599471,0.7947368421052632,0.5441399964241015,0.8485436893203884,0.9180672268907563,0.1702127659574468,0.8819374369323916,0.14798958858708466,0.8253091992226702,extra_trees,full_enhanced_features,1,1,42,2277,570,0.836627140974967,0.8350877192982457
0.6656840155417005,0.8900610746964654,0.7996485061511424,0.5341781874039939,0.8467432950191571,0.9285714285714286,0.13978494623655913,0.8857715430861723,0.14735021523115968,0.881838326528552,extra_trees,full_enhanced_features,1,2,42,2278,569,0.8362598770851625,0.836555360281195
0.7160477094063431,0.8998801961332092,0.8224956063268892,0.5781151170145478,0.8598848368522073,0.9411764705882353,0.21505376344086022,0.8986960882647944,0.1303542397432971,0.9377352232199103,extra_trees,full_enhanced_features,1,3,42,2278,569,0.8362598770851625,0.836555360281195
0.6815758561489111,0.9059417711434504,0.789103690685413,0.5495052859853619,0.8517786561264822,0.9054621848739496,0.1935483870967742,0.8778004073319755,0.14647328704406032,0.6353941097401526,extra_trees,full_enhanced_features,1,4,42,2278,569,0.8362598770851625,0.836555360281195
0.6630711661143798,0.8919538795848709,0.8105263157894737,0.5362142422398053,0.847457627118644,0.9433962264150944,0.12903225806451613,0.8928571428571429,0.14391873248586284,0.7548074478962251,extra_trees,full_enhanced_features,2,0,42,2277,570,0.8361879666227492,0.8368421052631579
0.6707379760414804,0.8976128224164098,0.7701754385964912,0.5465090291435724,0.8498985801217038,0.8802521008403361,0.2127659574468085,0.8648090815273478,0.1609109189888602,1.0161608641685498,extra_trees,full_enhanced_features,2,1,42,2277,570,0.836627140974967,0.8350877192982457
0.6140552995391705,0.8707052247374717,0.7961335676625659,0.5537069666576308,0.8529411764705882,0.9138655462184874,0.1935483870967742,0.8823529411764706,0.149717279350854,0.7919825632633338,extra_trees,full_enhanced_features,2,2,42,2278,569,0.8362598770851625,0.836555360281195
0.7060969549109967,0.8984144533206873,0.8066783831282952,0.5427057919942171,0.8492366412213741,0.9348739495798319,0.15053763440860216,0.89,0.12912788304925502,0.7694089356790753,extra_trees,full_enhanced_features,2,3,42,2278,569,0.8362598770851625,0.836555360281195
0.6697388632872504,0.892952999544222,0.7926186291739895,0.5429542784855877,0.849609375,0.9138655462184874,0.17204301075268819,0.8805668016194332,0.14579502856197782,0.7145946999806575,extra_trees,full_enhanced_features,2,4,42,2278,569,0.8362598770851625,0.836555360281195
0.6160478798945019,0.8735692027492884,0.7964912280701755,0.5537972543450328,0.8532289628180039,0.9140461215932913,0.1935483870967742,0.8825910931174089,0.15432078120369971,0.7420277156777987,extra_trees,full_enhanced_features,3,0,42,2277,570,0.8361879666227492,0.8368421052631579
0.7121178258537458,0.9069007995656411,0.8122807017543859,0.5333005542642588,0.8448598130841122,0.9495798319327731,0.11702127659574468,0.8941641938674579,0.1303986213932005,0.5991422133439919,extra_trees,full_enhanced_features,3,1,42,2277,570,0.836627140974967,0.8350877192982457
0.6961462004156502,0.9026680393495081,0.8101933216168717,0.5967177193458029,0.8665338645418327,0.9138655462184874,0.27956989247311825,0.8895705521472392,0.14041141828481546,0.737218776295733,extra_trees,full_enhanced_features,3,2,42,2278,569,0.8362598770851625,0.836555360281195
0.6747085931146651,0.8988010808935201,0.8137082601054482,0.5771889400921659,0.8599221789883269,0.9285714285714286,0.22580645161290322,0.8929292929292929,0.1415012669675466,0.6365292818539751,extra_trees,full_enhanced_features,3,3,42,2278,569,0.8362598770851625,0.836555360281195
0.6989021415017619,0.9005979613639008,0.8084358523725835,0.5610599078341014,0.8549323017408124,0.9285714285714286,0.1935483870967742,0.8902316213494461,0.13866524822063064,0.8506342925914757,extra_trees,full_enhanced_features,3,4,42,2278,569,0.8362598770851625,0.836555360281195
0.6836748495299926,0.9033789246206374,0.8157894736842105,0.5956245350645837,0.8661417322834646,0.9224318658280922,0.26881720430107525,0.8934010152284264,0.1390991246038673,0.5734939958210052,extra_trees,full_enhanced_features,4,0,42,2277,570,0.8361879666227492,0.8368421052631579
0.6442428035043803,0.8815683686278968,0.787719298245614,0.5356695869837297,0.8460038986354775,0.9117647058823529,0.1595744680851064,0.8776541961577351,0.15174580076566513,0.8390130115897936,extra_trees,full_enhanced_features,4,1,42,2277,570,0.836627140974967,0.8350877192982457
0.7222033974880274,0.919813612036205,0.8172231985940246,0.5706379325923918,0.8576923076923076,0.9369747899159664,0.20430107526881722,0.8955823293172691,0.13785844958614618,0.6086828851788905,extra_trees,full_enhanced_features,4,2,42,2278,569,0.8362598770851625,0.836555360281195
0.7019178639197614,0.9035483776097502,0.8084358523725835,0.5653858317520557,0.8563106796116505,0.9264705882352942,0.20430107526881722,0.8900100908173562,0.13050836453985254,0.6056889824375712,extra_trees,full_enhanced_features,4,3,42,2278,569,0.8362598770851625,0.836555360281195
0.6460987620854792,0.8811274219147064,0.7961335676625659,0.5666847384114936,0.8571428571428571,0.907563025210084,0.22580645161290322,0.8816326530612245,0.14521767327463025,0.7647988161653128,extra_trees,full_enhanced_features,4,4,42,2278,569,0.8362598770851625,0.836555360281195
0.6539753386984063,0.8863554138903775,0.8,0.5602218164604044,0.8551859099804305,0.9161425576519916,0.20430107526881722,0.8846153846153846,0.15100368203663572,0.7222652211613239,extra_trees,full_enhanced_features,5,0,42,2277,570,0.8361879666227492,0.8368421052631579
0.7078937958161988,0.9067183296896987,0.8263157894736842,0.5801224745217236,0.8590476190476191,0.9474789915966386,0.2127659574468085,0.9010989010989011,0.1331956956635143,0.6689858679261306,extra_trees,full_enhanced_features,5,1,42,2277,570,0.836627140974967,0.8350877192982457
0.6578792807445558,0.8820093723800179,0.8031634446397188,0.5362790277401284,0.8473282442748091,0.9327731092436975,0.13978494623655913,0.888,0.14383019234967537,0.8734102539007835,extra_trees,full_enhanced_features,5,2,42,2278,569,0.8362598770851625,0.836555360281195
0.6774193548387097,0.9039132202144002,0.7873462214411248,0.5311511701454775,0.8460038986354775,0.9117647058823529,0.15053763440860216,0.8776541961577351,0.14835933102460735,0.6471695309366845,extra_trees,full_enhanced_features,5,3,42,2278,569,0.8362598770851625,0.836555360281195
0.6802430649679228,0.9040117385938304,0.7978910369068541,0.537453691153881,0.8477842003853564,0.9243697478991597,0.15053763440860216,0.8844221105527639,0.14407180007963122,0.5834552195961061,extra_trees,full_enhanced_features,5,4,42,2278,569,0.8362598770851625,0.836555360281195
0.6864250129618359,0.8990561221137526,0.8157894736842105,0.5350307702711842,0.8470149253731343,0.9517819706498952,0.11827956989247312,0.8963474827245804,0.1357259902843903,0.6812962131869681,extra_trees,full_enhanced_features,6,0,42,2277,570,0.8361879666227492,0.8368421052631579
0.6780015197568389,0.8984850168694564,0.8070175438596491,0.5557616663686752,0.8519230769230769,0.930672268907563,0.18085106382978725,0.8895582329317269,0.13954710886302216,0.634318869333722,extra_trees,full_enhanced_features,6,1,42,2277,570,0.836627140974967,0.8350877192982457
0.7090110237643443,0.910550575946209,0.804920913884007,0.6151960784313726,0.8732106339468303,0.8970588235294118,0.3333333333333333,0.8849740932642487,0.136544051571706,0.5059564695697206,extra_trees,full_enhanced_features,6,2,42,2278,569,0.8362598770851625,0.836555360281195
0.6825246227523267,0.9005018454783768,0.8031634446397188,0.5752123430017169,0.8596837944664032,0.9138655462184874,0.23655913978494625,0.8859470468431772,0.14245149768754803,0.6330298914902968,extra_trees,full_enhanced_features,6,3,42,2278,569,0.8362598770851625,0.836555360281195
0.683800939730731,0.8947595668966165,0.81195079086116,0.5588348242522816,0.8541266794625719,0.9348739495798319,0.1827956989247312,0.892678034102307,0.1388034773262955,0.7363815565511934,extra_trees,full_enhanced_features,6,4,42,2278,569,0.8362598770851625,0.836555360281195
0.7119203805144158,0.9139860569049675,0.8087719298245614,0.5568066544938122,0.8538461538461538,0.9308176100628931,0.1827956989247312,0.8906720160481444,0.1404160668435834,0.5678864173656484,extra_trees,full_enhanced_features,7,0,42,2277,570,0.8361879666227492,0.8368421052631579
0.6952999284820311,0.9056319181458274,0.7912280701754386,0.542039156087967,0.847953216374269,0.9138655462184874,0.1702127659574468,0.8796764408493428,0.1421928013903391,0.6258585350296362,extra_trees,full_enhanced_features,7,1,42,2277,570,0.836627140974967,0.8350877192982457
0.6962817385018524,0.9034032240728975,0.8242530755711776,0.5618618415107979,0.8547169811320755,0.9516806722689075,0.17204301075268819,0.9005964214711729,0.13586466966899394,0.7355851538572159,extra_trees,full_enhanced_features,7,2,42,2278,569,0.8362598770851625,0.836555360281195
0.7240896358543417,0.9097524887605364,0.836555360281195,0.5865184783590855,0.8620037807183365,0.957983193277311,0.21505376344086022,0.9074626865671642,0.12425395606969702,0.5381793255119421,extra_trees,full_enhanced_features,7,3,42,2278,569,0.8362598770851625,0.836555360281195
0.6301617421162014,0.8742061640519535,0.7978910369068541,0.5634092346616065,0.8560157790927022,0.9117647058823529,0.21505376344086022,0.8830111902339777,0.15295262930500503,0.9692459570609226,extra_trees,full_enhanced_features,7,4,42,2278,569,0.8362598770851625,0.836555360281195
0.6226753229187799,0.8812659034550225,0.7929824561403509,0.5300601880029756,0.8458574181117534,0.9203354297693921,0.13978494623655913,0.8815261044176707,0.15991574306774978,0.8037177354808763,extra_trees,full_enhanced_features,8,0,42,2277,570,0.8361879666227492,0.8368421052631579
0.7104304487752549,0.9065523794632073,0.8140350877192982,0.5428884319685321,0.8477443609022557,0.9474789915966386,0.13829787234042554,0.8948412698412699,0.13328504890180345,0.6115431067238807,extra_trees,full_enhanced_features,8,1,42,2277,570,0.836627140974967,0.8350877192982457
0.7159799403632422,0.9142044998484637,0.8154657293497364,0.5393060449986447,0.8480300187617261,0.9495798319327731,0.12903225806451613,0.8959365708622399,0.12964326256522554,0.48757928730964806,extra_trees,full_enhanced_features,8,2,42,2278,569,0.8362598770851625,0.836555360281195
0.628275503749887,0.8717361705945805,0.8172231985940246,0.5749638565103461,0.859073359073359,0.9348739495798319,0.21505376344086022,0.8953722334004024,0.14352559176963361,0.8942978170669508,extra_trees,full_enhanced_features,8,3,42,2278,569,0.8362598770851625,0.836555360281195
0.668010752688172,0.8947010768790737,0.7996485061511424,0.5774374265835367,0.8605577689243028,0.907563025210084,0.24731182795698925,0.8834355828220859,0.14620614925915,0.7596537484235045,extra_trees,full_enhanced_features,8,4,42,2278,569,0.8362598770851625,0.836555360281195
0.6261130272085841,0.876331588123513,0.787719298245614,0.5398999120849395,0.8490196078431372,0.9077568134171907,0.17204301075268819,0.8774062816616008,0.1535828647780041,0.7894778915239924,extra_trees,full_enhanced_features,9,0,42,2277,570,0.8361879666227492,0.8368421052631579
0.7085195780439836,0.9043339681442781,0.8122807017543859,0.5845252994814948,0.8610567514677103,0.9243697478991597,0.24468085106382978,0.8915906788247214,0.13559915914846873,0.6147601453515348,extra_trees,full_enhanced_features,9,1,42,2277,570,0.836627140974967,0.8350877192982457
0.7295337489834643,0.9222168539065095,0.820738137082601,0.5424573055028463,0.8488805970149254,0.9558823529411765,0.12903225806451613,0.8992094861660079,0.13178844354986474,0.4866696072910047,extra_trees,full_enhanced_features,9,2,42,2278,569,0.8362598770851625,0.836555360281195
0.687844492635764,0.8947891339106577,0.81195079086116,0.5718125960061444,0.858252427184466,0.9285714285714286,0.21505376344086022,0.8920282542885973,0.13832051769446221,0.8540711901636614,extra_trees,full_enhanced_features,9,3,42,2278,569,0.8362598770851625,0.836555360281195
0.6781309297912713,0.9002680671257801,0.7978910369068541,0.5288018433179724,0.8451242829827916,0.9285714285714286,0.12903225806451613,0.8848848848848849,0.1479764866110266,0.882686718987489,extra_trees,full_enhanced_features,9,4,42,2278,569,0.8362598770851625,0.836555360281195
0.7037487883501273,0.9213628909494458,0.8122807017543859,0.554574964495841,0.8530534351145038,0.9371069182389937,0.17204301075268819,0.8931068931068931,0.13936181486459068,0.5053313505800919,gradient_boosting,full_enhanced_features,0,0,42,2277,570,0.8361879666227492,0.8368421052631579
0.7518214732701592,0.9376589571365672,0.8140350877192982,0.5556946182728411,0.8517110266159695,0.9411764705882353,0.1702127659574468,0.8942115768463074,0.12909443200609166,0.44229914757525807,gradient_boosting,full_enhanced_features,0,1,42,2277,570,0.836627140974967,0.8350877192982457
0.7310698472937562,0.9318118514597385,0.8066783831282952,0.5513576398301256,0.8519230769230769,0.930672268907563,0.17204301075268819,0.8895582329317269,0.13287090251938857,0.4530673229232108,gradient_boosting,full_enhanced_features,0,2,42,2278,569,0.8362598770851625,0.836555360281195
0.7585953736333244,0.9372623113065376,0.8242530755711776,0.5445581458389808,0.8494423791821561,0.9600840336134454,0.12903225806451613,0.9013806706114399,0.12645453740611037,0.44588591065163574,gradient_boosting,full_enhanced_features,0,3,42,2278,569,0.8362598770851625,0.836555360281195
0.745719255444113,0.935913028169412,0.8189806678383128,0.5500587331706877,0.8512241054613936,0.9495798319327731,0.15053763440860216,0.8977159880834161,0.1287029659065049,0.45309199381642984,gradient_boosting,full_enhanced_features,0,4,42,2278,569,0.8362598770851625,0.836555360281195
0.7346768557967585,0.935848928961459,0.8105263157894737,0.5578548725231622,0.8541266794625719,0.9329140461215933,0.1827956989247312,0.8917835671342685,0.13555178623078962,0.4593298278865087,gradient_boosting,full_enhanced_features,1,0,42,2277,570,0.8361879666227492,0.8368421052631579
0.7067651528696586,0.9232011726361912,0.8105263157894737,0.5621312354729125,0.8538461538461538,0.9327731092436975,0.19148936170212766,0.891566265060241,0.14002665781291776,0.503121141066952,gradient_boosting,full_enhanced_features,1,1,42,2277,570,0.836627140974967,0.8350877192982457
0.7372368302159573,0.9303991378559799,0.8189806678383128,0.5414068853347791,0.8485981308411215,0.9537815126050421,0.12903225806451613,0.8981206726013847,0.1263493536774798,0.45669172404781916,gradient_boosting,full_enhanced_features,1,2,42,2278,569,0.8362598770851625,0.836555360281195
0.7823032438781965,0.9438201978470986,0.8295254833040422,0.5779908737688624,0.8595825426944972,0.9516806722689075,0.20430107526881722,0.9032901296111665,0.12022996367997914,0.4154259380350791,gradient_boosting,full_enhanced_features,1,3,42,2278,569,0.8362598770851625,0.836555360281195
0.7170303605313093,0.9272555564102483,0.8066783831282952,0.5600094876660342,0.8546511627906976,0.9264705882352942,0.1935483870967742,0.8891129032258065,0.1382097112615911,0.4769557592728744,gradient_boosting,full_enhanced_features,1,4,42,2278,569,0.8362598770851625,0.836555360281195
0.7326818601925114,0.9318391025656428,0.8175438596491228,0.544735240413877,0.849906191369606,0.949685534591195,0.13978494623655913,0.897029702970297,0.1346591516851519,0.4700895616398886,gradient_boosting,full_enhanced_features,2,0,42,2277,570,0.8361879666227492,0.8368421052631579
0.7144086357947436,0.9307754193503434,0.7929824561403509,0.5473583050241373,0.849609375,0.9138655462184874,0.18085106382978725,0.8805668016194332,0.14244155772570793,0.4734623332232788,gradient_boosting,full_enhanced_features,2,1,42,2277,570,0.836627140974967,0.8350877192982457
0.7004608294930876,0.9222020077566714,0.8224956063268892,0.5737891930965935,0.858508604206501,0.9432773109243697,0.20430107526881722,0.8988988988988988,0.13802908639805048,0.509027784501512,gradient_boosting,full_enhanced_features,2,2,42,2278,569,0.8362598770851625,0.836555360281195
0.7863355019427126,0.9466470936764664,0.8137082601054482,0.5339297009126232,0.846441947565543,0.9495798319327731,0.11827956989247312,0.8950495049504951,0.12193257661800962,0.4035301568615331,gradient_boosting,full_enhanced_features,2,3,42,2278,569,0.8362598770851625,0.836555360281195
0.7127496159754225,0.925987447615223,0.81195079086116,0.5458570524984188,0.8500948766603416,0.9411764705882353,0.15053763440860216,0.8933200398803589,0.139560702169258,0.49397337053659557,gradient_boosting,full_enhanced_features,2,4,42,2278,569,0.8362598770851625,0.836555360281195
0.6769008814048376,0.914414474235343,0.7912280701754386,0.5203557178602827,0.842911877394636,0.9224318658280922,0.11827956989247312,0.8808808808808809,0.1478201599065419,0.5352031775689373,gradient_boosting,full_enhanced_features,3,0,42,2277,570,0.8361879666227492,0.8368421052631579
0.742401215805471,0.9287956198163061,0.8298245614035088,0.5651483997854461,0.8542056074766355,0.9600840336134454,0.1702127659574468,0.904055390702275,0.1276977214067907,0.45734299306201326,gradient_boosting,full_enhanced_features,3,1,42,2277,570,0.836627140974967,0.8350877192982457
0.754190385831752,0.939551023355948,0.820738137082601,0.5640869250926177,0.8555133079847909,0.9453781512605042,0.1827956989247312,0.8982035928143712,0.12740845791595806,0.4288477628564054,gradient_boosting,full_enhanced_features,3,2,42,2278,569,0.8362598770851625,0.836555360281195
0.7422404445649227,0.9375125780121397,0.8137082601054482,0.5598852444203488,0.8544061302681992,0.9369747899159664,0.1827956989247312,0.8937875751503006,0.1332280188060519,0.46603568224542086,gradient_boosting,full_enhanced_features,3,3,42,2278,569,0.8362598770851625,0.836555360281195
0.763644167344357,0.9321276924969432,0.820738137082601,0.5467832294208006,0.850187265917603,0.9537815126050421,0.13978494623655913,0.899009900990099,0.12378012390961206,0.4375887961498944,gradient_boosting,full_enhanced_features,3,4,42,2278,569,0.8362598770851625,0.836555360281195
0.7328960122630239,0.9320974846435586,0.8210526315789474,0.5554879285859201,0.8531073446327684,0.949685534591195,0.16129032258064516,0.8988095238095238,0.1302518178927925,0.4593732483577105,gradient_boosting,full_enhanced_features,4,0,42,2277,570,0.8361879666227492,0.8368421052631579
0.7542463794028249,0.9361358286434485,0.8192982456140351,0.5417709637046308,0.8472998137802608,0.9558823529411765,0.1276595744680851,0.8983218163869694,0.12859237129440956,0.4504421913610771,gradient_boosting,full_enhanced_features,4,1,42,2277,570,0.836627140974967,0.8350877192982457
0.7482605945604051,0.9319040539685024,0.8189806678383128,0.571688352760459,0.8579654510556622,0.9390756302521008,0.20430107526881722,0.8966900702106319,0.12581690882436058,0.44911391717915916,gradient_boosting,full_enhanced_features,4,2,42,2278,569,0.8362598770851625,0.836555360281195
0.7441718622933045,0.9339816532599117,0.827768014059754,0.5726145296828409,0.8579545454545454,0.9516806722689075,0.1935483870967742,0.9023904382470119,0.12837817931938225,0.44935705475028037,gradient_boosting,full_enhanced_features,4,3,42,2278,569,0.8362598770851625,0.836555360281195
0.7225309478630162,0.9247491489456188,0.81195079086116,0.5761385199240987,0.8596491228070176,0.9264705882352942,0.22580645161290322,0.8918099089989889,0.13351390274376687,0.4807127126531522,gradient_boosting,full_enhanced_features,4,4,42,2278,569,0.8362598770851625,0.836555360281195
0.6948332995198484,0.9184379773074403,0.8087719298245614,0.5611347805504835,0.8552123552123552,0.9287211740041929,0.1935483870967742,0.8904522613065327,0.13948146542035975,0.5042836839785358,gradient_boosting,full_enhanced_features,5,0,42,2277,570,0.8361879666227492,0.8368421052631579
0.7542687287681029,0.937824559674657,0.8280701754385965,0.5683667083854819,0.8552631578947368,0.9558823529411765,0.18085106382978725,0.9027777777777778,0.12770107863158853,0.4486800372393548,gradient_boosting,full_enhanced_features,5,1,42,2277,570,0.836627140974967,0.8350877192982457
0.7511746634137526,0.9367494121242066,0.8224956063268892,0.5608114213427307,0.8544423440453687,0.9495798319327731,0.17204301075268819,0.8995024875621891,0.12689889056508838,0.439599006515413,gradient_boosting,full_enhanced_features,5,2,42,2278,569,0.8362598770851625,0.836555360281195
0.7417660612632149,0.9388951182572723,0.8154657293497364,0.5652615885063703,0.8560460652591171,0.9369747899159664,0.1935483870967742,0.8946840521564694,0.13597173842787605,0.456334491106049,gradient_boosting,full_enhanced_features,5,3,42,2278,569,0.8362598770851625,0.836555360281195
0.7401057197072377,0.9348144023921284,0.820738137082601,0.5338054576669378,0.8462962962962963,0.9600840336134454,0.10752688172043011,0.8996062992125984,0.1292122719921392,0.4497117290627296,gradient_boosting,full_enhanced_features,5,4,42,2278,569,0.8362598770851625,0.836555360281195
0.7254119609566962,0.9297919517864928,0.8157894736842105,0.5263745181578413,0.8444444444444444,0.9559748427672956,0.0967741935483871,0.8967551622418879,0.1344635831715402,0.4777239481315599,gradient_boosting,full_enhanced_features,6,0,42,2277,570,0.8361879666227492,0.8368421052631579
0.7328133381011979,0.9268086982215591,0.8192982456140351,0.5759207938494547,0.8579654510556622,0.9390756302521008,0.2127659574468085,0.8966900702106319,0.13018232874321117,0.4654701354231086,gradient_boosting,full_enhanced_features,6,1,42,2277,570,0.836627140974967,0.8350877192982457
0.7444203487846752,0.9321182356276008,0.8101933216168717,0.6096954910996657,0.8709677419354839,0.907563025210084,0.3118279569892473,0.8888888888888888,0.13062027015229233,0.46031658867150815,gradient_boosting,full_enhanced_features,6,2,42,2278,569,0.8362598770851625,0.836555360281195
0.7544501671636398,0.9408986554731924,0.8224956063268892,0.582441040932502,0.861271676300578,0.9390756302521008,0.22580645161290322,0.8984924623115578,0.12688117042230643,0.43320812167989997,gradient_boosting,full_enhanced_features,6,3,42,2278,569,0.8362598770851625,0.836555360281195
0.7170416553718261,0.9237095880391033,0.8137082601054482,0.5598852444203488,0.8544061302681992,0.9369747899159664,0.1827956989247312,0.8937875751503006,0.1364678289661106,0.48492803892869935,gradient_boosting,full_enhanced_features,6,4,42,2278,569,0.8362598770851625,0.836555360281195
0.7626744212258516,0.9450946710591331,0.8140350877192982,0.555623182525191,0.8533333333333334,0.939203354297694,0.17204301075268819,0.8942115768463074,0.1294387309316095,0.42411356925135885,gradient_boosting,full_enhanced_features,7,0,42,2277,570,0.8361879666227492,0.8368421052631579
0.7467369926694081,0.93608276870801,0.8175438596491228,0.5535267298408725,0.8509433962264151,0.9474789915966386,0.1595744680851064,0.8966202783300199,0.13023079071096483,0.4449483365310519,gradient_boosting,full_enhanced_features,7,1,42,2277,570,0.836627140974967,0.8350877192982457
0.7328657269359358,0.9318849946803417,0.8224956063268892,0.5305299539170507,0.8453038674033149,0.9642857142857143,0.0967741935483871,0.900883218842002,0.13167057444908492,0.4781106474850686,gradient_boosting,full_enhanced_features,7,2,42,2278,569,0.8362598770851625,0.836555360281195
0.7698450347881087,0.9421414639963537,0.8330404217926186,0.567113942351134,0.8560747663551402,0.9621848739495799,0.17204301075268819,0.9060336300692384,0.12215789292634041,0.42476184164979924,gradient_boosting,full_enhanced_features,7,3,42,2278,569,0.8362598770851625,0.836555360281195
0.718351856871781,0.9277175738437644,0.7961335676625659,0.5839884340833108,0.8629032258064516,0.8991596638655462,0.26881720430107525,0.8806584362139918,0.14130796611967852,0.4908318395687537,gradient_boosting,full_enhanced_features,7,4,42,2278,569,0.8362598770851625,0.836555360281195
0.666069295101553,0.9077141734902128,0.8035087719298246,0.5493338743490904,0.8516377649325626,0.9266247379454927,0.17204301075268819,0.8875502008032129,0.14870167508927354,0.5413490722437285,gradient_boosting,full_enhanced_features,8,0,42,2277,570,0.8361879666227492,0.8368421052631579
0.7623256749508314,0.9387593491573097,0.8210526315789474,0.5556275701770069,0.8515037593984962,0.9516806722689075,0.1595744680851064,0.8988095238095238,0.12386969599456032,0.4308764893792531,gradient_boosting,full_enhanced_features,8,1,42,2277,570,0.836627140974967,0.8350877192982457
0.7686929610553901,0.9427810113556305,0.820738137082601,0.5208276859130749,0.8424908424908425,0.9663865546218487,0.07526881720430108,0.9001956947162426,0.12586047809501266,0.42294989923500653,gradient_boosting,full_enhanced_features,8,2,42,2278,569,0.8362598770851625,0.836555360281195
0.7288447637119364,0.9335202877360345,0.820738137082601,0.5640869250926177,0.8555133079847909,0.9453781512605042,0.1827956989247312,0.8982035928143712,0.13385823801653593,0.48208820160753396,gradient_boosting,full_enhanced_features,8,3,42,2278,569,0.8362598770851625,0.836555360281195
0.7388519924098671,0.9329499988677632,0.8172231985940246,0.5965934761001175,0.8661417322834646,0.9243697478991597,0.26881720430107525,0.8943089430894309,0.12979020800135643,0.44680480199447337,gradient_boosting,full_enhanced_features,8,4,42,2278,569,0.8362598770851625,0.836555360281195
0.7153806271274319,0.9271116188634968,0.8087719298245614,0.5568066544938122,0.8538461538461538,0.9308176100628931,0.1827956989247312,0.8906720160481444,0.13917588377866233,0.48889145157827035,gradient_boosting,full_enhanced_features,9,0,42,2277,570,0.8361879666227492,0.8368421052631579
0.7144756838905775,0.922643555505543,0.8263157894736842,0.6057348471303415,0.8674463937621832,0.9348739495798319,0.2765957446808511,0.8998988877654196,0.1356583004707204,0.4952893082469115,gradient_boosting,full_enhanced_features,9,1,42,2277,570,0.836627140974967,0.8350877192982457
0.770895454956176,0.9444566289110587,0.8242530755711776,0.5315803740851179,0.8455882352941176,0.9663865546218487,0.0967741935483871,0.9019607843137255,0.12241825352876527,0.41585568531272254,gradient_boosting,full_enhanced_features,9,2,42,2278,569,0.8362598770851625,0.836555360281195
0.7380839432547213,0.9298914891819099,0.8101933216168717,0.5577844040842144,0.8538461538461538,0.9327731092436975,0.1827956989247312,0.891566265060241,0.13145771656874683,0.45630013640314654,gradient_boosting,full_enhanced_features,9,3,42,2278,569,0.8362598770851625,0.836555360281195
0.7325494714014638,0.9285375284254094,0.820738137082601,0.5467832294208006,0.850187265917603,0.9537815126050421,0.13978494623655913,0.899009900990099,0.13171989333534578,0.4622610117027775,gradient_boosting,full_enhanced_features,9,4,42,2278,569,0.8362598770851625,0.836555360281195
