channel,logistic_adjusted_share_pct,coef,odds_ratio,p_value
Direct Traffic,15.622928,0.304671,1.356179,0.110812
Display Ads,21.988236,0.646439,1.908732,0.001148
Email,17.841507,0.437459,1.548767,0.027923
Referral,15.472536,0.294998,1.343124,0.120581
Search Ads,12.676281,0.095664,1.100389,0.616046
Social Media,16.398512,0.353122,1.423504,0.064236
